original_review,cleaned_review,tokens,sentiment
The food had a strange and off-putting smell.,food strange offputting smell,food strange offputting smell,0
The prices were way too high for the quality.,price way high quality,price way high quality,0
Crostini that came with the salad was stale.,crostini come salad stale,crostini come salad stale,0
The tables outside are also dirty a lot of the time and the workers are not always friendly and helpful with the menu.,table outside also dirty lot time worker not always friendly helpful menu,table outside also dirty lot time worker not always friendly helpful menu,0
Interesting decor.,interest decor,interest decor,1
Ordered an appetizer and took 40 minutes and then the pizza another 10 minutes.,order appetizer take minute pizza another minute,order appetizer take minute pizza another minute,0
"It was attached to a gas station, and that is rarely a good sign.",attach gas station rarely good sign,attach gas station rarely good sign,0
Tonight I had the Elk Filet special...and it sucked.,tonight elk filet specialand suck,tonight elk filet specialand suck,0
The food had a strange and unpleasant appearance.,food strange unpleasant appearance,food strange unpleasant appearance,0
Service was excellent and prices are pretty reasonable considering this is Vegas and located inside the Crystals shopping mall by Aria.,service excellent price pretty reasonable consider vegas locate inside crystal shop mall aria,service excellent price pretty reasonable consider vegas locate inside crystal shop mall aria,1
I can take a little bad service but the food sucks.,take little bad service food suck,take little bad service food suck,0
The goat taco didn't skimp on the meat and wow what FLAVOR!,goat taco not skimp meat wow flavor,goat taco not skimp meat wow flavor,1
"The restaurant had a cold ambiance, lacking warmth and coziness.",restaurant cold ambiance lack warmth coziness,restaurant cold ambiance lack warmth coziness,0
The food was overseasoned and overwhelmed with spices.,food overseasoned overwhelm spice,food overseasoned overwhelm spice,0
The food lacked variety and creativity.,food lack variety creativity,food lack variety creativity,0
The staff was unresponsive and did not address our concerns.,staff unresponsive not address concern,staff unresponsive not address concern,0
I had a pretty satifying experience.,pretty satifying experience,pretty satifying experience,1
My gyro was basically lettuce only.,gyro basically lettuce,gyro basically lettuce,0
Not a single employee came out to see if we were OK or even needed a water refill once they finally served us our food.,not single employee come see ok even need water refill finally serve food,not single employee come see ok even need water refill finally serve food,0
I'd love to go back.,id love go back,id love go back,1
The restaurant had unclean and sticky tables.,restaurant unclean sticky table,restaurant unclean sticky table,0
I was seated immediately.,seat immediately,seat immediately,1
I'll definitely be in soon again.,ill definitely soon,ill definitely soon,1
The portions were disappointing and left us unsatisfied.,portion disappointing leave unsatisfied,portion disappointing leave unsatisfied,0
Everything was perfect the night we were in.,everything perfect night,everything perfect night,1
This place is hands-down one of the best places to eat in the Phoenix metro area.,place handsdown one best place eat phoenix metro area,place handsdown one best place eat phoenix metro area,1
The lighting is just dark enough to set the mood.,lighting dark enough set mood,lighting dark enough set mood,1
"Your servers suck, wait, correction, our server Heimer sucked.",server suck wait correction server heimer suck,server suck wait correction server heimer suck,0
The restaurant had a noisy and chaotic atmosphere.,restaurant noisy chaotic atmosphere,restaurant noisy chaotic atmosphere,0
The food was undercooked and raw.,food undercooked raw,food undercooked raw,0
"They could serve it with just the vinaigrette and it may make for a better overall dish, but it was still very good.",could serve vinaigrette may make good overall dish still good,could serve vinaigrette may make good overall dish still good,1
"Overall, a great experience.",overall great experience,overall great experience,1
The dishes were overly spicy and unbearable.,dish overly spicy unbearable,dish overly spicy unbearable,0
The restaurant had a range of dairy-free options.,restaurant range dairyfree option,restaurant range dairyfree option,1
The portions were ample and great value for money.,portion ample great value money,portion ample great value money,1
The restaurant had a range of vegetarian and vegan options.,restaurant range vegetarian vegan option,restaurant range vegetarian vegan option,1
The portion sizes were ridiculously small.,portion size ridiculously small,portion size ridiculously small,0
The restaurant had unclean restrooms and unpleasant odors.,restaurant unclean restroom unpleasant odor,restaurant unclean restroom unpleasant odor,0
"Perhaps I caught them on an off night judging by the other reviews, but I'm not inspired to go back.",perhaps catch night judging review im not inspire go back,perhaps catch night judging review im not inspire go back,0
The restaurant had a charming and cozy atmosphere.,restaurant charming cozy atmosphere,restaurant charming cozy atmosphere,1
Four stars for the food & the guy in the blue shirt for his great vibe & still letting us in to eat !,four star food guy blue shirt great vibe still let eat,four star food guy blue shirt great vibe still let eat,1
"I tried the Cape Cod ravoli, chicken, with cranberry...mmmm!",try cape cod ravoli chicken cranberrymmmm,try cape cod ravoli chicken cranberrymmmm,1
That's right....the red velvet cake.....ohhh this stuff is so good.,thats rightthe red velvet cakeohhh stuff good,thats rightthe red velvet cakeohhh stuff good,1
The waiters were impolite and seemed disinterested.,waiter impolite seem disinterested,waiter impolite seem disinterested,0
The food had a perfect balance of spices and flavors.,food perfect balance spice flavor,food perfect balance spice flavor,1
The portions were generous and left us feeling satisfied.,portion generous leave feel satisfy,portion generous leave feel satisfy,1
The utensils and tableware were dirty.,utensil tableware dirty,utensil tableware dirty,0
The restaurant had limited choices for vegetarians and vegans.,restaurant limit choice vegetarian vegan,restaurant limit choice vegetarian vegan,0
The staff was professional and provided excellent service.,staff professional provided excellent service,staff professional provided excellent service,1
The WORST EXPERIENCE EVER.,bad experience ever,bad experience ever,0
Food was really boring.,food really boring,food really boring,0
Waitress was a little slow in service.,waitress little slow service,waitress little slow service,0
The service was excellent and attentive.,service excellent attentive,service excellent attentive,1
The service was poor and thats being nice.,service poor thats nice,service poor thats nice,0
The seafood was fresh and generous in portion.,seafood fresh generous portion,seafood fresh generous portion,1
The restaurant had a cozy and welcoming atmosphere.,restaurant cozy welcoming atmosphere,restaurant cozy welcoming atmosphere,1
Google mediocre and I imagine Smashburger will pop up.,google mediocre imagine smashburger pop,google mediocre imagine smashburger pop,0
"The only good thing was our waiter, he was very helpful and kept the bloddy mary's coming.",good thing waiter helpful keep bloddy mary come,good thing waiter helpful keep bloddy mary come,1
The only thing I did like was the prime rib and dessert section.,thing like prime rib dessert section,thing like prime rib dessert section,1
The food was too salty and overly seasoned.,food salty overly season,food salty overly season,0
The Veggitarian platter is out of this world!,veggitarian platter world,veggitarian platter world,1
Everything was good and tasty!,everything good tasty,everything good tasty,1
The ambiance isn't much better.,ambiance not much good,ambiance not much good,0
"That just SCREAMS ""LEGIT"" in my book...somethat's also pretty rare here in Vegas.",screams legit booksomethats also pretty rare vega,screams legit booksomethats also pretty rare vega,1
The service here leaves a lot to be desired.,service leave lot desire,service leave lot desire,0
The staff was rude and unhelpful.,staff rude unhelpful,staff rude unhelpful,0
If someone orders two tacos don't' you think it may be part of customer service to ask if it is combo or ala cart?,someone order two taco not think may part customer service ask combo ala cart,someone order two taco not think may part customer service ask combo ala cart,0
The worst was the salmon sashimi.,bad salmon sashimi,bad salmon sashimi,0
(The bathroom is just next door and very nice.),bathroom next door nice,bathroom next door nice,1
The service was meh.,service meh,service meh,0
Eclectic selection.,eclectic selection,eclectic selection,1
"Anyway, this FS restaurant has a wonderful breakfast/lunch.",anyway restaurant wonderful breakfastlunch,anyway restaurant wonderful breakfastlunch,1
I've had better atmosphere.,ive well atmosphere,ive well atmosphere,0
"Probably never coming back, and wouldn't recommend it.",probably never come back would not recommend,probably never come back would not recommend,0
The waiters were friendly and offered exceptional service.,waiter friendly offer exceptional service,waiter friendly offer exceptional service,1
The restaurant had a cozy and inviting atmosphere.,restaurant cozy inviting atmosphere,restaurant cozy inviting atmosphere,1
The food had an odd and unpleasant aftertaste.,food odd unpleasant aftertaste,food odd unpleasant aftertaste,0
"Great Subway, in fact it's so good when you come here every other Subway will not meet your expectations.",great subway fact good come every subway not meet expectation,great subway fact good come every subway not meet expectation,1
The food had a weird aftertaste.,food weird aftertaste,food weird aftertaste,0
They know how to make them here.,know make,know make,1
But I don't like it.,not like,not like,0
This is one of the best bars with food in Vegas.,one best bar food vega,one best bar food vega,1
It was just not a fun experience.,not fun experience,not fun experience,1
From what my dinner companions told me...everything was very fresh with nice texture and taste.,dinner companion tell meeverything fresh nice texture taste,dinner companion tell meeverything fresh nice texture taste,1
When I received my Pita it was huge it did have a lot of meat in it so thumbs up there.,receive pita huge lot meat thumb,receive pita huge lot meat thumb,1
Con: spotty service.,con spotty service,con spotty service,0
The staff was unhelpful and didn't accommodate our needs.,staff unhelpful not accommodate need,staff unhelpful not accommodate need,0
"The restaurant had poor acoustics, making it noisy.",restaurant poor acoustic make noisy,restaurant poor acoustic make noisy,0
"The food sucked, which we expected but it sucked more than we could have imagined.",food suck expect suck could imagine,food suck expect suck could imagine,0
Food was great and so was the serivce!,food great serivce,food great serivce,1
I promise they won't disappoint.,promise not disappoint,promise not disappoint,1
The food was a gastronomic delight with its unique flavors.,food gastronomic delight unique flavor,food gastronomic delight unique flavor,1
Very disappointing!!!,disappointing,disappointing,0
"All in all an excellent restaurant highlighted by great service, a unique menu, and a beautiful setting.",excellent restaurant highlight great service unique menu beautiful setting,excellent restaurant highlight great service unique menu beautiful setting,1
The food was tasteless and lacked seasoning or spices.,food tasteless lacked seasoning spice,food tasteless lacked seasoning spice,0
So we went to Tigerlilly and had a fantastic afternoon!,go tigerlilly fantastic afternoon,go tigerlilly fantastic afternoon,1
The cashier had no care what so ever on what I had to say it still ended up being wayyy overpriced.,cashier no care ever say still end wayyy overprice,cashier no care ever say still end wayyy overprice,0
"Nice, spicy and tender.",nice spicy tender,nice spicy tender,1
2 Thumbs Up!!,thumb,thumb,1
The restaurant had dirty and unkempt facilities.,restaurant dirty unkempt facility,restaurant dirty unkempt facility,0
Tasted like dirt.,taste like dirt,taste like dirt,0
We were sat right on time and our server from the get go was FANTASTIC!,sat right time server get go fantastic,sat right time server get go fantastic,1
The only downside is the service.,downside service,downside service,0
It's worth driving up from Tucson!,worth drive tucson,worth drive tucson,1
We've have gotten a much better service from the pizza place next door than the services we received from this restaurant.,weve get much good service pizza place next door service receive restaurant,weve get much good service pizza place next door service receive restaurant,0
For that price I can think of a few place I would have much rather gone.,price think place would much rather go,price think place would much rather go,0
We aren't ones to make a scene at restaurants but I just don't get it...definitely lost the love after this one!,not one make scene restaurant not get itdefinitely lose love one,not one make scene restaurant not get itdefinitely lose love one,0
The restaurant had dirty menus and neglected cleanliness.,restaurant dirty menu neglect cleanliness,restaurant dirty menu neglect cleanliness,0
Great brunch spot.,great brunch spot,great brunch spot,1
Food was average at best.,food average best,food average best,0
"Main thing I didn't enjoy is that the crowd is of older crowd, around mid 30s and up.",main thing not enjoy crowd old crowd around mid,main thing not enjoy crowd old crowd around mid,0
The restaurant had uncomfortable seating and cramped tables.,restaurant uncomfortable seating cramp table,restaurant uncomfortable seating cramp table,0
The bus boy on the other hand was so rude.,bus boy hand rude,bus boy hand rude,0
The prices were exorbitant for the quality.,price exorbitant quality,price exorbitant quality,0
"We had fantastic service, and were pleased by the atmosphere.",fantastic service please atmosphere,fantastic service please atmosphere,1
An excellent new restaurant by an experienced Frenchman.,excellent new restaurant experienced frenchman,excellent new restaurant experienced frenchman,1
The sweet potato fries were very good and seasoned well.,sweet potato fry good season well,sweet potato fry good season well,1
"The chains, which I'm no fan of, beat this place easily.",chain im no fan beat place easily,chain im no fan beat place easily,0
The waiters kept forgetting our orders.,waiter keep forget order,waiter keep forget order,0
You won't be disappointed.,not disappoint,not disappoint,1
Won't go back.,not go back,not go back,0
I recently tried Caballero's and I have been back every week since!,recently try caballeros back every week since,recently try caballeros back every week since,1
The staff lacked professionalism and manners.,staff lack professionalism manner,staff lack professionalism manner,0
"The sides are delish - mixed mushrooms, yukon gold puree, white corn - beateous.",side delish mixed mushroom yukon gold puree white corn beateous,side delish mixed mushroom yukon gold puree white corn beateous,1
It was awesome.,awesome,awesome,1
The food was stale and seemed old.,food stale seem old,food stale seem old,0
The service was extremely slow and inattentive.,service extremely slow inattentive,service extremely slow inattentive,0
You cant go wrong with any of the food here.,cant go wrong food,cant go wrong food,1
Honeslty it didn't taste THAT fresh.,honeslty not taste fresh,honeslty not taste fresh,0
"It lacked flavor, seemed undercooked, and dry.",lack flavor seem undercooked dry,lack flavor seem undercooked dry,0
The scallop dish is quite appalling for value as well.,scallop dish quite appal value well,scallop dish quite appal value well,0
The place was not clean and the food oh so stale!,place not clean food oh stale,place not clean food oh stale,0
The food had a delightful and satisfying flavor.,food delightful satisfying flavor,food delightful satisfying flavor,1
The restaurant had unclean and sticky menus.,restaurant unclean sticky menu,restaurant unclean sticky menu,0
The staff had poor communication and ignored requests.,staff poor communication ignore request,staff poor communication ignore request,0
"In fact I'm going to round up to 4 stars, just because she was so awesome.",fact im go round star awesome,fact im go round star awesome,1
Owner's are really great people.!,owner really great people,owner really great people,1
The Greek dressing was very creamy and flavorful.,greek dressing creamy flavorful,greek dressing creamy flavorful,1
My friend loved the salmon tartar.,friend love salmon tartar,friend love salmon tartar,1
"The food was delicious, our bartender was attentive and personable AND we got a great deal!",food delicious bartender attentive personable get great deal,food delicious bartender attentive personable get great deal,1
The dishes were served with fresh and fluffy bread.,dish serve fresh fluffy bread,dish serve fresh fluffy bread,1
"Delicious NYC bagels, good selections of cream cheese, real Lox with capers even.",delicious nyc bagel good selection cream cheese real lox caper even,delicious nyc bagel good selection cream cheese real lox caper even,1
The staff was unhelpful and unaccommodating.,staff unhelpful unaccommodating,staff unhelpful unaccommodating,0
All I have to say is the food was amazing!!!,say food amaze,say food amaze,1
"The ambiance here did not feel like a buffet setting, but more of a douchey indoor garden for tea and biscuits.",ambiance not feel like buffet set douchey indoor garden tea biscuit,ambiance not feel like buffet set douchey indoor garden tea biscuit,0
"I have been in more than a few bars in Vegas, and do not ever recall being charged for tap water.",bar vega not ever recall charge tap water,bar vega not ever recall charge tap water,0
I got food poisoning from their food.,get food poison food,get food poison food,0
The black eyed peas and sweet potatoes... UNREAL!,black eyed pea sweet potato unreal,black eyed pea sweet potato unreal,1
The wait staff was inattentive and forgetful.,wait staff inattentive forgetful,wait staff inattentive forgetful,0
"As for the service, I thought it was good.",service think good,service think good,1
"The service was not up to par, either.",service not par either,service not par either,0
We definately enjoyed ourselves.,definately enjoy,definately enjoy,1
Kind of hard to mess up a steak but they did.,kind hard mess steak,kind hard mess steak,0
"Great food and service, huge portions and they give a military discount.",great food service huge portion give military discount,great food service huge portion give military discount,1
I have never had such bland food which surprised me considering the article we read focused so much on their spices and flavor.,never bland food surprise consider article read focus much spice flavor,never bland food surprise consider article read focus much spice flavor,0
The food had a mouthwatering and savory flavor.,food mouthwatering savory flavor,food mouthwatering savory flavor,1
My first visit to Hiro was a delight!,first visit hiro delight,first visit hiro delight,1
"The waiters were unprofessional, lacking proper etiquette.",waiter unprofessional lack proper etiquette,waiter unprofessional lack proper etiquette,0
"Definitely worth venturing off the strip for the pork belly, will return next time I'm in Vegas.",definitely worth venture strip pork belly return next time im vega,definitely worth venture strip pork belly return next time im vega,1
The restaurant had a lack of comfortable seating.,restaurant lack comfortable seating,restaurant lack comfortable seating,0
I just wanted to leave.,want leave,want leave,0
I've never been treated so bad.,ive never treat bad,ive never treat bad,0
Went for lunch - service was slow.,go lunch service slow,go lunch service slow,0
My sashimi was poor quality being soggy and tasteless.,sashimi poor quality soggy tasteless,sashimi poor quality soggy tasteless,0
The restaurant had dirty and unsanitary bathrooms.,restaurant dirty unsanitary bathroom,restaurant dirty unsanitary bathroom,0
I was disgusted because I was pretty sure that was human hair.,disgust pretty sure human hair,disgust pretty sure human hair,0
The food had a rich and flavorful taste.,food rich flavorful taste,food rich flavorful taste,1
"The whole experience was underwhelming, and I think we'll just go to Ninja Sushi next time.",whole experience underwhelming think well go ninja sushi next time,whole experience underwhelming think well go ninja sushi next time,0
"My side Greek salad with the Greek dressing was so tasty, and the pita and hummus was very refreshing.",side greek salad greek dressing tasty pita hummus refresh,side greek salad greek dressing tasty pita hummus refresh,1
"Back to good BBQ, lighter fare, reasonable pricing and tell the public they are back to the old ways.",back good bbq light fare reasonable pricing tell public back old way,back good bbq light fare reasonable pricing tell public back old way,1
The portions were generous and left us completely satisfied.,portion generous leave completely satisfy,portion generous leave completely satisfy,1
the potatoes were great and so was the biscuit.,potato great biscuit,potato great biscuit,1
The waiters were attentive and efficient.,waiter attentive efficient,waiter attentive efficient,1
Never going back.,never go back,never go back,0
Best tater tots in the southwest.,best tater tot southwest,best tater tot southwest,1
"The wontons were thin, not thick and chewy, almost melt in your mouth.",wonton thin not thick chewy almost melt mouth,wonton thin not thick chewy almost melt mouth,1
The patio seating was very comfortable.,patio seating comfortable,patio seating comfortable,1
The staff was courteous and provided excellent service.,staff courteous provided excellent service,staff courteous provided excellent service,1
The food was overly salty and inedible.,food overly salty inedible,food overly salty inedible,0
Now I am getting angry and I want my damn pho.,get angry want damn pho,get angry want damn pho,0
"Try them in the airport to experience some tasty food and speedy, friendly service.",try airport experience tasty food speedy friendly service,try airport experience tasty food speedy friendly service,1
We sat another ten minutes and finally gave up and left.,sit another ten minute finally give leave,sit another ten minute finally give leave,0
"Come hungry, leave happy and stuffed!",come hungry leave happy stuff,come hungry leave happy stuff,1
The staff was inattentive and rarely checked on us.,staff inattentive rarely check,staff inattentive rarely check,0
did not like at all.,not like,not like,0
Ample portions and good prices.,ample portion good price,ample portion good price,1
The food had a rich and mouthwatering taste.,food rich mouthwatering taste,food rich mouthwatering taste,1
A good time!,good time,good time,1
I checked out this place a couple years ago and was not impressed.,check place couple year ago not impressed,check place couple year ago not impressed,0
The server was very negligent of our needs and made us feel very unwelcome... I would not suggest this place!,server negligent need make feel unwelcome would not suggest place,server negligent need make feel unwelcome would not suggest place,0
"REAL sushi lovers, let's be honest - Yama is not that good.",real sushi lover let honest yama not good,real sushi lover let honest yama not good,0
There is nothing privileged about working/eating there.,nothing privileged workingeating,nothing privileged workingeating,0
"The portions were insufficient, not enough to satisfy hunger.",portion insufficient not enough satisfy hunger,portion insufficient not enough satisfy hunger,0
Favorite place in town for shawarrrrrrma!!!!!!,favorite place town shawarrrrrrma,favorite place town shawarrrrrrma,1
This place is two thumbs up....way up.,place two thumb upway,place two thumb upway,1
Food was really good and I got full petty fast.,food really good get full petty fast,food really good get full petty fast,1
The staff was welcoming and went the extra mile.,staff welcome go extra mile,staff welcome go extra mile,1
I found this place by accident and I could not be happier.,find place accident could not happy,find place accident could not happy,1
This place has a lot of promise but fails to deliver.,place lot promise fail deliver,place lot promise fail deliver,0
This place has it!,place,place,1
The classic Maine Lobster Roll was fantastic.,classic maine lobster roll fantastic,classic maine lobster roll fantastic,1
The restaurant had dirty dishes and stained silverware.,restaurant dirty dish stain silverware,restaurant dirty dish stain silverware,0
I had about two bites and refused to eat anymore.,two bite refuse eat anymore,two bite refuse eat anymore,0
"Third, the cheese on my friend's burger was cold.",third cheese friend burger cold,third cheese friend burger cold,0
The restaurant had a loud and disruptive atmosphere.,restaurant loud disruptive atmosphere,restaurant loud disruptive atmosphere,0
The staff was unresponsive and didn't address our concerns.,staff unresponsive not address concern,staff unresponsive not address concern,0
So good I am going to have to review this place twice - once hereas a tribute to the place and once as a tribute to an event held here last night.,good go review place twice hereas tribute place tribute event hold last night,good go review place twice hereas tribute place tribute event hold last night,1
I guess maybe we went on an off night but it was disgraceful.,guess maybe go night disgraceful,guess maybe go night disgraceful,0
As always the evening was wonderful and the food delicious!,always evening wonderful food delicious,always evening wonderful food delicious,1
I left with a stomach ache and felt sick the rest of the day.,leave stomach ache felt sick rest day,leave stomach ache felt sick rest day,0
The atmosphere here is fun.,atmosphere fun,atmosphere fun,1
The ambience is wonderful and there is music playing.,ambience wonderful music playing,ambience wonderful music playing,1
Things that went wrong: - They burned the saganaki.,thing go wrong burn saganaki,thing go wrong burn saganaki,0
The restaurant had unclean utensils and stained tablecloths.,restaurant unclean utensil stain tablecloth,restaurant unclean utensil stain tablecloth,0
The food had an odd and unpleasant taste.,food odd unpleasant taste,food odd unpleasant taste,0
"I LOVED their mussels cooked in this wine reduction, the duck was tender, and their potato dishes were delicious.",love mussel cook wine reduction duck tender potato dish delicious,love mussel cook wine reduction duck tender potato dish delicious,1
If there were zero stars I would give it zero stars.,zero star would give zero star,zero star would give zero star,0
The restaurant had a range of gluten-free and dairy-free options.,restaurant range glutenfree dairyfree option,restaurant range glutenfree dairyfree option,1
What a mistake that was!,mistake,mistake,0
The restaurant had a dull and uninviting ambiance.,restaurant dull uninviting ambiance,restaurant dull uninviting ambiance,0
The food had an appetizing and visually appealing presentation.,food appetizing visually appeal presentation,food appetizing visually appeal presentation,1
"The food was overpriced, not justifying the cost.",food overprice not justify cost,food overprice not justify cost,0
"On the ground, right next to our table was a large, smeared, been-stepped-in-and-tracked-everywhere pile of green bird poop.",ground right next table large smear beensteppedinandtrackedeverywhere pile green bird poop,ground right next table large smear beensteppedinandtrackedeverywhere pile green bird poop,0
"I was proven dead wrong by this sushi bar, not only because the quality is great, but the service is fast and the food, impeccable.",prove dead wrong sushi bar not quality great service fast food impeccable,prove dead wrong sushi bar not quality great service fast food impeccable,1
I'm not eating here!,im not eat,im not eat,0
The food had a perfect blend of flavors and textures.,food perfect blend flavor texture,food perfect blend flavor texture,1
My girlfriend's veal was very bad.,girlfriend veal bad,girlfriend veal bad,0
The jalapeno bacon is soooo good.,jalapeno bacon soooo good,jalapeno bacon soooo good,1
Best of luck to the rude and non-customer service focused new management.,best luck rude noncustomer service focus new management,best luck rude noncustomer service focus new management,0
The selection of food was not the best.,selection food not best,selection food not best,0
We were promptly greeted and seated.,promptly greet seat,promptly greet seat,1
I don't recommend unless your car breaks down in front of it and you are starving.,not recommend unless car break front starve,not recommend unless car break front starve,0
"Lordy, the Khao Soi is a dish that is not to be missed for curry lovers!",lordy khao soi dish not miss curry lover,lordy khao soi dish not miss curry lover,1
And the red curry had so much bamboo shoots and wasn't very tasty to me.,red curry much bamboo shoot not tasty,red curry much bamboo shoot not tasty,0
The food was cooked to perfection and bursting with flavor.,food cook perfection bursting flavor,food cook perfection bursting flavor,1
The bathrooms are clean and the place itself is well decorated.,bathroom clean place well decorate,bathroom clean place well decorate,1
Food was delicious!,food delicious,food delicious,1
The waiters were unprofessional and lacked proper training.,waiter unprofessional lacked proper training,waiter unprofessional lacked proper training,0
The food was served with fresh and crusty bread.,food serve fresh crusty bread,food serve fresh crusty bread,1
Cooked to perfection and the service was impeccable.,cook perfection service impeccable,cook perfection service impeccable,1
The waiters were friendly and offered helpful suggestions.,waiter friendly offer helpful suggestion,waiter friendly offer helpful suggestion,1
They also have the best cheese crisp in town.,also best cheese crisp town,also best cheese crisp town,1
"I mean really, how do you get so famous for your fish and chips when it's so terrible!?!",mean really get famous fish chip terrible,mean really get famous fish chip terrible,0
The portions were meager and left us wanting more.,portion meager leave want,portion meager leave want,0
I hope this place sticks around.,hope place stick around,hope place stick around,1
The dishes were made with fresh and flavorful ingredients.,dish make fresh flavorful ingredient,dish make fresh flavorful ingredient,1
We had 7 at our table and the service was pretty fast.,table service pretty fast,table service pretty fast,1
"In an interesting part of town, this place is amazing.",interesting part town place amaze,interesting part town place amaze,1
The food was bursting with flavors and textures.,food burst flavor texture,food burst flavor texture,1
Both of the egg rolls were fantastic.,egg roll fantastic,egg roll fantastic,1
Great place fo take out or eat in.,great place fo take eat,great place fo take eat,1
Not good for the money.,not good money,not good money,0
The restaurant had a dull and uninviting atmosphere.,restaurant dull uninviting atmosphere,restaurant dull uninviting atmosphere,0
After the disappointing dinner we went elsewhere for dessert.,disappointing dinner go elsewhere dessert,disappointing dinner go elsewhere dessert,0
Last night was my second time dining here and I was so happy I decided to go back!,last night second time din happy decide go back,last night second time din happy decide go back,1
I liked the patio and the service was outstanding.,like patio service outstanding,like patio service outstanding,1
The restaurant had dirty tables and neglected cleanliness.,restaurant dirty table neglect cleanliness,restaurant dirty table neglect cleanliness,0
The restaurant had a dull and uninspiring ambiance.,restaurant dull uninspiring ambiance,restaurant dull uninspiring ambiance,0
The waiters were unprofessional and lacked basic etiquette.,waiter unprofessional lacked basic etiquette,waiter unprofessional lacked basic etiquette,0
"Our server was fantastic and when he found out the wife loves roasted garlic and bone marrow, he added extra to our meal and another marrow to go!",server fantastic find wife love roast garlic bone marrow add extra meal another marrow go,server fantastic find wife love roast garlic bone marrow add extra meal another marrow go,1
"the food is not tasty at all, not to say its ""real traditional Hunan style"".",food not tasty not say real traditional hunan style,food not tasty not say real traditional hunan style,0
The nachos are a MUST HAVE!,nacho must,nacho must,1
I really enjoyed eating here.,really enjoy eating,really enjoy eating,1
They had a toro tartare with a cavier that was extraordinary and I liked the thinly sliced wagyu with white truffle.,toro tartare cavier extraordinary like thinly sliced wagyu white truffle,toro tartare cavier extraordinary like thinly sliced wagyu white truffle,1
The restaurant had fast service and short wait times.,restaurant fast service short wait time,restaurant fast service short wait time,1
"The Wife hated her meal (coconut shrimp), and our friends really did not enjoy their meals, either.",wife hat meal coconut shrimp friend really not enjoy meal either,wife hat meal coconut shrimp friend really not enjoy meal either,0
The waiters were disorganized and confused.,waiter disorganize confuse,waiter disorganize confuse,0
These are the nicest restaurant owners I've ever come across.,nice restaurant owner ive ever come across,nice restaurant owner ive ever come across,1
After two I felt disgusting.,two felt disgust,two felt disgust,0
The staff was attentive and provided outstanding hospitality.,staff attentive provide outstanding hospitality,staff attentive provide outstanding hospitality,1
Server did a great job handling our large rowdy table.,server great job handle large rowdy table,server great job handle large rowdy table,1
The restaurant had prompt service and short wait times.,restaurant prompt service short wait time,restaurant prompt service short wait time,1
the spaghetti is nothing special whatsoever.,spaghetti nothing special whatsoever,spaghetti nothing special whatsoever,0
DELICIOUS!!.,delicious,delicious,1
The restaurant had dirty utensils and stained tablecloths.,restaurant dirty utensil stain tablecloth,restaurant dirty utensil stain tablecloth,0
Always a pleasure dealing with him.,always pleasure deal,always pleasure deal,1
The dishes were served with warm and freshly baked bread.,dish serve warm freshly bake bread,dish serve warm freshly bake bread,1
No one at the table thought the food was above average or worth the wait that we had for it.,no one table think food average worth wait,no one table think food average worth wait,0
"Not to mention the combination of pears, almonds and bacon is a big winner!",not mention combination pear almond bacon big winner,not mention combination pear almond bacon big winner,1
The restaurant had a dirty and unsanitary dining area.,restaurant dirty unsanitary dining area,restaurant dirty unsanitary dining area,0
But then they came back cold.,come back cold,come back cold,0
The staff was unfriendly and lacked basic manners.,staff unfriendly lacked basic manner,staff unfriendly lacked basic manner,0
The restaurant had clean and well-maintained restrooms.,restaurant clean wellmaintained restroom,restaurant clean wellmaintained restroom,1
"Not a weekly haunt, but definitely a place to come back to every once in a while.",not weekly haunt definitely place come back every,not weekly haunt definitely place come back every,1
We enjoy their pizza and brunch.,enjoy pizza brunch,enjoy pizza brunch,1
Disappointing experience.,disappointing experience,disappointing experience,0
Everything was fresh and delicious!,everything fresh delicious,everything fresh delicious,1
The servers had a thorough understanding of the menu.,server thorough understanding menu,server thorough understanding menu,1
Some highlights : Great quality nigiri here!,highlight great quality nigiri,highlight great quality nigiri,1
"for 40 bucks a head, i really expect better food.",buck head really expect good food,buck head really expect good food,0
Would not recommend to others.,would not recommend others,would not recommend others,0
"We got sitting fairly fast, but, ended up waiting 40 minutes just to place our order, another 30 minutes before the food arrived.",get sit fairly fast end wait minute place order another minute food arrive,get sit fairly fast end wait minute place order another minute food arrive,0
"The meat was pretty dry, I had the sliced brisket and pulled pork.",meat pretty dry slice brisket pull pork,meat pretty dry slice brisket pull pork,0
There was a warm feeling with the service and I felt like their guest for a special treat.,warm feeling service felt like guest special treat,warm feeling service felt like guest special treat,1
The fries were great too.,fry great,fry great,1
The dishes were beautifully presented and appetizing.,dish beautifully present appetizing,dish beautifully present appetizing,1
The restaurant had slow and unresponsive customer support.,restaurant slow unresponsive customer support,restaurant slow unresponsive customer support,0
The food had an enticing and visually appealing presentation.,food enticing visually appeal presentation,food enticing visually appeal presentation,1
Im in AZ all the time and now have my new spot.,im az time new spot,im az time new spot,1
"I really do recommend this place, you can go wrong with this donut place!",really recommend place go wrong donut place,really recommend place go wrong donut place,1
Not good by any stretch of the imagination.,not good stretch imagination,not good stretch imagination,0
The restaurant had prompt service and minimal wait times.,restaurant prompt service minimal wait time,restaurant prompt service minimal wait time,1
The staff was very attentive.,staff attentive,staff attentive,1
"They will customize your order any way you'd like, my usual is Eggplant with Green Bean stir fry, love it!",customize order way youd like usual eggplant green bean stir fry love,customize order way youd like usual eggplant green bean stir fry love,1
The restaurant had a lack of healthy options.,restaurant lack healthy option,restaurant lack healthy option,0
"I had high hopes for this place since the burgers are cooked over a charcoal grill, but unfortunately the taste fell flat, way flat.",high hope place since burger cook charcoal grill unfortunately taste fell flat way flat,high hope place since burger cook charcoal grill unfortunately taste fell flat way flat,0
Waitress was sweet and funny.,waitress sweet funny,waitress sweet funny,1
The dishes were served with stale bread.,dish serve stale bread,dish serve stale bread,0
Ryan's Bar is definitely one Edinburgh establishment I won't be revisiting.,ryans bar definitely one edinburgh establishment not revisit,ryans bar definitely one edinburgh establishment not revisit,0
The portions were insufficient and left us wanting more.,portion insufficient leave want,portion insufficient leave want,0
This greedy corporation will NEVER see another dime from me!,greedy corporation never see another dime,greedy corporation never see another dime,0
The dishes were overly greasy and oily.,dish overly greasy oily,dish overly greasy oily,0
"The burger had absolutely no flavor - the meat itself was totally bland, the burger was overcooked and there was no charcoal flavor.",burger absolutely no flavor meat totally bland burger overcook no charcoal flavor,burger absolutely no flavor meat totally bland burger overcook no charcoal flavor,0
The menu options were limited and uninspiring.,menu option limit uninspiring,menu option limit uninspiring,0
We had a group of 70+ when we claimed we would only have 40 and they handled us beautifully.,group claim would handle beautifully,group claim would handle beautifully,1
This wonderful experience made this place a must-stop whenever we are in town again.,wonderful experience make place muststop whenever town,wonderful experience make place muststop whenever town,1
Generous portions and great taste.,generous portion great taste,generous portion great taste,1
The staff was friendly and attentive to details.,staff friendly attentive detail,staff friendly attentive detail,1
The food had a strange and unappetizing appearance.,food strange unappetizing appearance,food strange unappetizing appearance,0
The restaurant had a variety of vegetarian options.,restaurant variety vegetarian option,restaurant variety vegetarian option,1
"We thought you'd have to venture further away to get good sushi, but this place really hit the spot that night.",think youd venture far away get good sushi place really hit spot night,think youd venture far away get good sushi place really hit spot night,1
Nice ambiance.,nice ambiance,nice ambiance,1
What a great double cheeseburger!,great double cheeseburger,great double cheeseburger,1
"Host staff were, for lack of a better word, BITCHES!",host staff lack good word bitch,host staff lack good word bitch,0
"However, there was so much garlic in the fondue, it was barely edible.",however much garlic fondue barely edible,however much garlic fondue barely edible,0
"Same evening, him and I are both drastically sick.",even drastically sick,even drastically sick,0
"The staff is super nice and very quick even with the crazy crowds of the downtown juries, lawyers, and court staff.",staff super nice quick even crazy crowd downtown jury lawyer court staff,staff super nice quick even crazy crowd downtown jury lawyer court staff,1
"Oh this is such a thing of beauty, this restaurant.",oh thing beauty restaurant,oh thing beauty restaurant,1
"The sangria was about half of a glass wine full and was $12, ridiculous.",sangria half glass wine full ridiculous,sangria half glass wine full ridiculous,0
The restaurant provided exceptional customer service.,restaurant provide exceptional customer service,restaurant provide exceptional customer service,1
WAAAAAAyyyyyyyyyy over rated is all I am saying.,waaaaaayyyyyyyyyy rat say,waaaaaayyyyyyyyyy rat say,0
The restaurant had quick service and short wait times.,restaurant quick service short wait time,restaurant quick service short wait time,1
The food lacked quality and freshness.,food lack quality freshness,food lack quality freshness,0
"It was so bad, I had lost the heart to finish it.",bad lose heart finish,bad lose heart finish,0
"Service is quick and even ""to go"" orders are just like we like it!",service quick even go order like like,service quick even go order like like,1
Fantastic food!,fantastic food,fantastic food,1
Bland... Not a liking this place for a number of reasons and I don't want to waste time on bad reviewing.. I'll leave it at that...,bland not liking place number reason not want waste time bad review ill leave,bland not liking place number reason not want waste time bad review ill leave,0
The portions were skimpy and left us feeling unsatisfied.,portion skimpy leave feel unsatisfied,portion skimpy leave feel unsatisfied,0
Worst food/service I've had in a while.,bad foodservice ive,bad foodservice ive,0
The only thing I wasn't too crazy about was their guacamole as I don't like it puréed.,thing not crazy guacamole not like pur ed,thing not crazy guacamole not like pur ed,0
Service is quick and friendly.,service quick friendly,service quick friendly,1
This place is awesome if you want something light and healthy during the summer.,place awesome want something light healthy summer,place awesome want something light healthy summer,1
My ribeye steak was cooked perfectly and had great mesquite flavor.,ribeye steak cook perfectly great mesquite flavor,ribeye steak cook perfectly great mesquite flavor,1
The restaurant had a calm and peaceful ambiance.,restaurant calm peaceful ambiance,restaurant calm peaceful ambiance,1
The restaurant had a reasonable waiting list.,restaurant reasonable waiting list,restaurant reasonable waiting list,1
"Cute, quaint, simple, honest.",cute quaint simple honest,cute quaint simple honest,1
"It was extremely ""crumby"" and pretty tasteless.",extremely crumby pretty tasteless,extremely crumby pretty tasteless,0
The food was served cold and unappetizing.,food serve cold unappetizing,food serve cold unappetizing,0
"It's like a really sexy party in your mouth, where you're outrageously flirting with the hottest person at the party.",like really sexy party mouth youre outrageously flirt hot person party,like really sexy party mouth youre outrageously flirt hot person party,1
The restaurant had rude and unhelpful staff.,restaurant rude unhelpful staff,restaurant rude unhelpful staff,0
Fantastic service here.,fantastic service,fantastic service,1
"Good service, very clean, and inexpensive, to boot!",good service clean inexpensive boot,good service clean inexpensive boot,1
The waiters were inattentive and rarely checked on us.,waiter inattentive rarely check,waiter inattentive rarely check,0
Waitress was good though!,waitress good though,waitress good though,1
The croutons also taste homemade which is an extra plus.,crouton also taste homemade extra plus,crouton also taste homemade extra plus,1
Will be back again!,back,back,1
"OMG, the food was delicioso!",omg food delicioso,omg food delicioso,1
The dishes had the right amount of seasoning and flavor.,dish right amount seasoning flavor,dish right amount seasoning flavor,1
By far the BEST cheesecurds we have ever had!,far best cheesecurds ever,far best cheesecurds ever,1
The portion was huge!,portion huge,portion huge,1
One of the few places in Phoenix that I would definately go back to again .,one place phoenix would definately go back,one place phoenix would definately go back,1
"The restaurant had limited choices for vegetarians, lacking variety.",restaurant limit choice vegetarian lack variety,restaurant limit choice vegetarian lack variety,0
Each day of the week they have a different deal and it's all so delicious!,day week different deal delicious,day week different deal delicious,1
It is PERFECT for a sit-down family meal or get together with a few friends.,perfect sitdown family meal get together friend,perfect sitdown family meal get together friend,1
"All in all, I can assure you I'll be back.",assure ill back,assure ill back,1
The menu had so much good stuff on it i could not decide!,menu much good stuff could not decide,menu much good stuff could not decide,1
Overall I wasn't very impressed with Noca.,overall not impressed noca,overall not impressed noca,0
"If you're not familiar, check it out.",youre not familiar check,youre not familiar check,1
The waiters were attentive and provided excellent recommendations.,waiter attentive provided excellent recommendation,waiter attentive provided excellent recommendation,1
The restaurant had no vegetarian options.,restaurant no vegetarian option,restaurant no vegetarian option,0
The servers had an excellent knowledge of the menu.,server excellent knowledge menu,server excellent knowledge menu,1
The restaurant had poor lighting.,restaurant poor lighting,restaurant poor lighting,0
If you stay in Vegas you must get breakfast here at least once.,stay vega must get breakfast least,stay vega must get breakfast least,1
Highly recommended.,highly recommended,highly recommended,1
The food had a rich and delectable flavor.,food rich delectable flavor,food rich delectable flavor,1
"Unfortunately, we must have hit the bakery on leftover day because everything we ordered was STALE.",unfortunately must hit bakery leftover day everything order stale,unfortunately must hit bakery leftover day everything order stale,0
The cashier was friendly and even brought the food out to me.,cashier friendly even bring food,cashier friendly even bring food,1
The restaurant had a charming and inviting ambiance.,restaurant charming inviting ambiance,restaurant charming inviting ambiance,1
The restaurant had a limited selection of desserts.,restaurant limited selection dessert,restaurant limited selection dessert,0
The restaurant had poor air conditioning.,restaurant poor air conditioning,restaurant poor air conditioning,0
"Our waiter was very attentive, friendly, and informative.",waiter attentive friendly informative,waiter attentive friendly informative,1
The service was efficient and well-organized.,service efficient wellorganized,service efficient wellorganized,1
"Although I very much liked the look and sound of this place, the actual experience was a bit disappointing.",although much like look sound place actual experience bit disappointing,although much like look sound place actual experience bit disappointing,0
"He also came back to check on us regularly, excellent service.",also come back check regularly excellent service,also come back check regularly excellent service,1
Service is also cute.,service also cute,service also cute,1
"After 20 minutes wait, I got a table.",minute wait get table,minute wait get table,0
I give it 2 thumbs down,give thumb,give thumb,0
"The staff are great, the ambiance is great.",staff great ambiance great,staff great ambiance great,1
Highly unprofessional and rude to a loyal patron!,highly unprofessional rude loyal patron,highly unprofessional rude loyal patron,0
Won't ever go here again.,not ever go,not ever go,0
Penne vodka excellent!,penne vodka excellent,penne vodka excellent,1
I could care less... The interior is just beautiful.,could care less interior beautiful,could care less interior beautiful,1
"I'd rather eat airline food, seriously.",id rather eat airline food seriously,id rather eat airline food seriously,0
The dishes were crafted with fresh and flavorful ingredients.,dish craft fresh flavorful ingredient,dish craft fresh flavorful ingredient,1
The restaurant had a long wait time for food.,restaurant long wait time food,restaurant long wait time food,0
The selection on the menu was great and so were the prices.,selection menu great price,selection menu great price,1
"Stopped by this place while in Madison for the Ironman, very friendly, kind staff.",stop place madison ironman friendly kind staff,stop place madison ironman friendly kind staff,1
The dishes were served with warm and fresh bread.,dish serve warm fresh bread,dish serve warm fresh bread,1
The staff was disinterested and lacked enthusiasm.,staff disinterested lack enthusiasm,staff disinterested lack enthusiasm,0
"The service was terrible, food was mediocre.",service terrible food mediocre,service terrible food mediocre,0
The food was excellent and service was very good.,food excellent service good,food excellent service good,1
"Thus far, have only visited twice and the food was absolutely delicious each time.",thus far visit twice food absolutely delicious time,thus far visit twice food absolutely delicious time,1
The staff was disorganized and made errors with orders.,staff disorganize make error order,staff disorganize make error order,0
"Unfortunately, it only set us up for disapppointment with our entrees.",unfortunately set disapppointment entree,unfortunately set disapppointment entree,0
"Hot dishes are not hot, cold dishes are close to room temp.I watched staff prepare food with BARE HANDS, no gloves.Everything is deep fried in oil.",hot dish not hot cold dish close room tempo watch staff prepare food bare hand no gloveseverything deep fry oil,hot dish not hot cold dish close room tempo watch staff prepare food bare hand no gloveseverything deep fry oil,0
The servers are not pleasant to deal with and they don't always honor Pizza Hut coupons.,server not pleasant deal not always honor pizza hut coupon,server not pleasant deal not always honor pizza hut coupon,0
Any grandmother can make a roasted chicken better than this one.,grandmother make roasted chicken well one,grandmother make roasted chicken well one,0
We loved the place.,love place,love place,1
The servers were friendly and attentive to details.,server friendly attentive detail,server friendly attentive detail,1
As a sushi lover avoid this place by all means.,sushi lover avoid place mean,sushi lover avoid place mean,0
"It was a bit too sweet, not really spicy enough, and lacked flavor.",bit sweet not really spicy enough lack flavor,bit sweet not really spicy enough lack flavor,0
The restaurant had slow service and frequent mistakes.,restaurant slow service frequent mistake,restaurant slow service frequent mistake,0
The restaurant had a long waiting list.,restaurant long waiting list,restaurant long waiting list,0
Wow... Loved this place.,wow love place,wow love place,1
Awful service.,awful service,awful service,0
The food was tasteless and lacked any seasoning.,food tasteless lack seasoning,food tasteless lack seasoning,0
The food was underwhelming and did not meet our expectations.,food underwhelming not meet expectation,food underwhelming not meet expectation,0
"If it were possible to give them zero stars, they'd have it.",possible give zero star theyd,possible give zero star theyd,0
I'm not impressed with the concept or the food.,im not impress concept food,im not impress concept food,0
Join the club and get awesome offers via email.,join club get awesome offer via email,join club get awesome offer via email,1
"Their menu is diverse, and reasonably priced.",menu diverse reasonably price,menu diverse reasonably price,1
"Anyways, The food was definitely not filling at all, and for the price you pay you should expect more.",anyways food definitely not fill price pay expect,anyways food definitely not fill price pay expect,0
"As for the service: I'm a fan, because it's quick and you're being served by some nice folks.",service im fan quick youre serve nice folk,service im fan quick youre serve nice folk,1
The dishes were too spicy and overwhelming.,dish spicy overwhelming,dish spicy overwhelming,0
The staff was friendly and helpful.,staff friendly helpful,staff friendly helpful,1
The ambiance was incredible.,ambiance incredible,ambiance incredible,1
"I always order from the vegetarian menu during dinner, which has a wide array of options to choose from.",always order vegetarian menu dinner wide array option choose,always order vegetarian menu dinner wide array option choose,1
"Both of them were truly unbelievably good, and I am so glad we went back.",truly unbelievably good glad go back,truly unbelievably good glad go back,1
I'm not really sure how Joey's was voted best hot dog in the Valley by readers of Phoenix Magazine.,im not really sure joeys vote best hot dog valley reader phoenix magazine,im not really sure joeys vote best hot dog valley reader phoenix magazine,0
The portions were ample and left us feeling completely satisfied.,portion ample leave feel completely satisfied,portion ample leave feel completely satisfied,1
The portions were ample and left us feeling satisfied.,portion ample leave feel satisfy,portion ample leave feel satisfy,1
The restaurant had an inviting and cozy atmosphere.,restaurant inviting cozy atmosphere,restaurant inviting cozy atmosphere,1
I love the Pho and the spring rolls oh so yummy you have to try.,love pho spring roll oh yummy try,love pho spring roll oh yummy try,1
The yellowtail carpaccio was melt in your mouth fresh.,yellowtail carpaccio melt mouth fresh,yellowtail carpaccio melt mouth fresh,1
Some may say this buffet is pricey but I think you get what you pay for and this place you are getting quite a lot!,may say buffet pricey think get pay place get quite lot,may say buffet pricey think get pay place get quite lot,1
"For sushi on the Strip, this is the place to go.",sushi strip place go,sushi strip place go,1
The dishes were accompanied by warm and fresh bread.,dish accompany warm fresh bread,dish accompany warm fresh bread,1
The restaurant had efficient service and minimal waiting times.,restaurant efficient service minimal wait time,restaurant efficient service minimal wait time,1
"Frozen pucks of disgust, with some of the worst people behind the register.",frozen puck disgust bad people behind register,frozen puck disgust bad people behind register,0
The restaurant had slow service and lengthy delays.,restaurant slow service lengthy delay,restaurant slow service lengthy delay,0
Service is perfect and the family atmosphere is nice to see.,service perfect family atmosphere nice see,service perfect family atmosphere nice see,1
"Total letdown, I would much rather just go to the Camelback Flower Shop and Cartel Coffee.",total letdown would much rather go camelback flower shop cartel coffee,total letdown would much rather go camelback flower shop cartel coffee,0
The food was tasteless and lacked any distinctive taste.,food tasteless lack distinctive taste,food tasteless lack distinctive taste,0
"Now the burgers aren't as good, the pizza which used to be amazing is doughy and flavorless.",burger not good pizza use amazing doughy flavorless,burger not good pizza use amazing doughy flavorless,0
Don't waste your time here.,not waste time,not waste time,0
Total brunch fail.,total brunch fail,total brunch fail,0
The restaurant had dirty and sticky floors.,restaurant dirty sticky floor,restaurant dirty sticky floor,0
Hands down my favorite Italian restaurant!,hand favorite italian restaurant,hand favorite italian restaurant,1
"When I opened the sandwich, I was impressed, but not in a good way.",open sandwich impressed not good way,open sandwich impressed not good way,0
The waiters were rude and didn't provide good service.,waiter rude not provide good service,waiter rude not provide good service,0
Mediocre food.,mediocre food,mediocre food,0
Terrible service!,terrible service,terrible service,0
Check it out.,check,check,1
The food was a gastronomic delight with its exquisite flavors.,food gastronomic delight exquisite flavor,food gastronomic delight exquisite flavor,1
The restaurant had a range of gluten-free options.,restaurant range glutenfree option,restaurant range glutenfree option,1
The food was poorly prepared and lacked proper cooking.,food poorly prepared lack proper cooking,food poorly prepared lack proper cooking,0
The restaurant had limited menu options and poor variety.,restaurant limit menu option poor variety,restaurant limit menu option poor variety,0
Ordered burger rare came in we'll done.,order burger rare come well,order burger rare come well,0
Best breakfast buffet!!!,best breakfast buffet,best breakfast buffet,1
The restaurant had a short wait time for a table.,restaurant short wait time table,restaurant short wait time table,1
"Loved it...friendly servers, great food, wonderful and imaginative menu.",love itfriendly server great food wonderful imaginative menu,love itfriendly server great food wonderful imaginative menu,1
"I love the owner/chef, his one authentic Japanese cool dude!",love ownerchef one authentic japanese cool dude,love ownerchef one authentic japanese cool dude,1
"The waiters were inattentive, neglecting our requests.",waiter inattentive neglect request,waiter inattentive neglect request,0
I was VERY disappointed!!,disappointed,disappointed,0
The restaurant had comfortable and elegant decor.,restaurant comfortable elegant decor,restaurant comfortable elegant decor,1
My boyfriend and I came here for the first time on a recent trip to Vegas and could not have been more pleased with the quality of food and service.,boyfriend come first time recent trip vega could not pleased quality food service,boyfriend come first time recent trip vega could not pleased quality food service,1
"I had a salad with the wings, and some ice cream for dessert and left feeling quite satisfied.",salad wing ice cream dessert leave feel quite satisfied,salad wing ice cream dessert leave feel quite satisfied,1
Extremely Tasty!,extremely tasty,extremely tasty,1
"The restaurant had poor lighting, making it difficult to see.",restaurant poor light make difficult see,restaurant poor light make difficult see,0
Best fish I've ever had in my life!,best fish ive ever life,best fish ive ever life,1
"I'm so happy to be here!!!""",im happy,im happy,1
I had the opportunity today to sample your amazing pizzas!,opportunity today sample amazing pizza,opportunity today sample amazing pizza,1
The food was tasteless and bland.,food tasteless bland,food tasteless bland,0
The food was a true delight with its exquisite taste.,food true delight exquisite taste,food true delight exquisite taste,1
The management was organized and professional.,management organize professional,management organize professional,1
The staff was unprofessional and lacked proper training.,staff unprofessional lacked proper training,staff unprofessional lacked proper training,0
This place lacked style!!,place lack style,place lack style,0
I had the chicken Pho and it tasted very bland.,chicken pho taste bland,chicken pho taste bland,0
AN HOUR... seriously?,hour seriously,hour seriously,0
Your staff spends more time talking to themselves than me.,staff spend time talk,staff spend time talk,0
The restaurant had poor customer service.,restaurant poor customer service,restaurant poor customer service,0
Just as good as when I had it more than a year ago!,good year ago,good year ago,1
The food had a visually appealing and enticing presentation.,food visually appeal entice presentation,food visually appeal entice presentation,1
Wonderful lil tapas and the ambience made me feel all warm and fuzzy inside.,wonderful lil tapa ambience make feel warm fuzzy inside,wonderful lil tapa ambience make feel warm fuzzy inside,1
The portions were meager and unsatisfying.,portion meager unsatisfying,portion meager unsatisfying,0
"Love the margaritas, too!",love margarita,love margarita,1
The waiters were attentive and provided excellent suggestions.,waiter attentive provided excellent suggestion,waiter attentive provided excellent suggestion,1
"And considering the two of us left there very full and happy for about $20, you just can't go wrong.",consider two leave full happy not go wrong,consider two leave full happy not go wrong,1
What I really like there is the crepe station.,really like crepe station,really like crepe station,1
The waiters were friendly and attentive.,waiter friendly attentive,waiter friendly attentive,1
The restaurant had uncomfortable seating and limited space.,restaurant uncomfortable seating limited space,restaurant uncomfortable seating limited space,0
The cashew cream sauce was bland and the vegetables were undercooked.,cashew cream sauce bland vegetable undercooked,cashew cream sauce bland vegetable undercooked,0
At least think to refill my water before I struggle to wave you over for 10 minutes.,least think refill water struggle wave minute,least think refill water struggle wave minute,0
The waiters were attentive and provided outstanding recommendations.,waiter attentive provide outstanding recommendation,waiter attentive provide outstanding recommendation,1
The restaurant had an extensive wine selection.,restaurant extensive wine selection,restaurant extensive wine selection,1
This is a good joint.,good joint,good joint,1
They also now serve Indian naan bread with hummus and some spicy pine nut sauce that was out of this world.,also serve indian naan bread hummus spicy pine nut sauce world,also serve indian naan bread hummus spicy pine nut sauce world,1
The waiters were attentive and provided exceptional service.,waiter attentive provide exceptional service,waiter attentive provide exceptional service,1
"What SHOULD have been a hilarious, yummy Christmas Eve dinner to remember was the biggest fail of the entire trip for us.",hilarious yummy christmas eve dinner remember big fail entire trip,hilarious yummy christmas eve dinner remember big fail entire trip,0
This place should honestly be blown up.,place honestly blow,place honestly blow,0
The staff was unfriendly and unhelpful.,staff unfriendly unhelpful,staff unfriendly unhelpful,0
I highly recommend this place.,highly recommend place,highly recommend place,1
I did not expect this to be so good!,not expect good,not expect good,1
"not even a ""hello, we will be right with you.""",not even hello right,not even hello right,0
The staff was rude and unprofessional.,staff rude unprofessional,staff rude unprofessional,0
"It was either too cold, not enough flavor or just bad.",either cold not enough flavor bad,either cold not enough flavor bad,0
"The restaurant had a noisy environment, making conversation difficult.",restaurant noisy environment make conversation difficult,restaurant noisy environment make conversation difficult,0
The sweet potato tots were good but the onion rings were perfection or as close as I have had.,sweet potato tot good onion ring perfection close,sweet potato tot good onion ring perfection close,1
Horrible - don't waste your time and money.,horrible not waste time money,horrible not waste time money,0
"However, my recent experience at this particular location was not so good.",however recent experience particular location not good,however recent experience particular location not good,0
This is some seriously good pizza and I'm an expert/connisseur on the topic.,seriously good pizza im expertconnisseur topic,seriously good pizza im expertconnisseur topic,1
The pan cakes everyone are raving about taste like a sugary disaster tailored to the palate of a six year old.,pan cake everyone rave taste like sugary disaster tailor palate six year old,pan cake everyone rave taste like sugary disaster tailor palate six year old,0
The only redeeming quality of the restaurant was that it was very inexpensive.,redeeming quality restaurant inexpensive,redeeming quality restaurant inexpensive,1
The pancake was also really good and pretty large at that.,pancake also really good pretty large,pancake also really good pretty large,1
This is the place where I first had pho and it was amazing!!,place first pho amaze,place first pho amaze,1
It was a huge awkward 1.5lb piece of cow that was 3/4ths gristle and fat.,huge awkward lb piece cow ths gristle fat,huge awkward lb piece cow ths gristle fat,0
The food is very good for your typical bar food.,food good typical bar food,food good typical bar food,1
The food had a mouthwatering and delightful flavor.,food mouthwatering delightful flavor,food mouthwatering delightful flavor,1
"This place is overpriced, not consistent with their boba, and it really is OVERPRICED!",place overprice not consistent boba really overprice,place overprice not consistent boba really overprice,0
The portions were generous and left us satisfied.,portion generous leave satisfy,portion generous leave satisfy,1
The restaurant accommodated dietary restrictions.,restaurant accommodate dietary restriction,restaurant accommodate dietary restriction,1
We asked for the bill to leave without eating and they didn't bring that either.,ask bill leave without eat not bring either,ask bill leave without eat not bring either,0
The waiters were untrained and made mistakes with orders.,waiter untrained make mistake order,waiter untrained make mistake order,0
The food was a culinary masterpiece with its exquisite flavors.,food culinary masterpiece exquisite flavor,food culinary masterpiece exquisite flavor,1
Nargile - I think you are great.,nargile think great,nargile think great,1
The staff was unresponsive to customer complaints.,staff unresponsive customer complaint,staff unresponsive customer complaint,0
"Overall, I don't think that I would take my parents to this place again because they made most of the similar complaints that I silently felt too.",overall not think would take parent place make similar complaint silently felt,overall not think would take parent place make similar complaint silently felt,0
This is a GREAT place to eat!,great place eat,great place eat,1
"Bad day or not, I have a very low tolerance for rude customer service people, it is your job to be nice and polite, wash dishes otherwise!!",bad day not low tolerance rude customer service people job nice polite wash dish otherwise,bad day not low tolerance rude customer service people job nice polite wash dish otherwise,0
A great way to finish a great.,great way finish great,great way finish great,1
Will not be back.,not back,not back,0
The restaurant had clean and hygienic seating areas.,restaurant clean hygienic seating area,restaurant clean hygienic seating area,1
The restaurant had uncomfortable and worn-out seating.,restaurant uncomfortable wornout seating,restaurant uncomfortable wornout seating,0
mouthwatering and delightful flavor.,mouthwatering delightful flavor,mouthwatering delightful flavor,1
Soggy and not good.,soggy not good,soggy not good,0
The menu options were diverse and enticing.,menu option diverse entice,menu option diverse entice,1
The food had a mouthwatering and delicious flavor.,food mouthwatering delicious flavor,food mouthwatering delicious flavor,1
"The guys all had steaks, and our steak loving son who has had steak at the best and worst places said it was the best steak he's ever eaten.",guy steak steak love son steak best bad place say best steak ever eat,guy steak steak love son steak best bad place say best steak ever eat,1
The restaurant had dim and inadequate lighting.,restaurant dim inadequate lighting,restaurant dim inadequate lighting,0
The block was amazing.,block amaze,block amaze,1
The restaurant had clean and well-equipped restrooms.,restaurant clean wellequipped restroom,restaurant clean wellequipped restroom,1
The restaurant had clean and well-organized seating arrangements.,restaurant clean wellorganized seating arrangement,restaurant clean wellorganized seating arrangement,1
"I also had to taste my Mom's multi-grain pumpkin pancakes with pecan butter and they were amazing, fluffy, and delicious!",also taste mom multigrain pumpkin pancake pecan butter amaze fluffy delicious,also taste mom multigrain pumpkin pancake pecan butter amaze fluffy delicious,1
Only Pros : Large seating area/ Nice bar area/ Great simple drink menu/ The BEST brick oven pizza with homemade dough!,pro large seat area nice bar area great simple drink menu best brick oven pizza homemade dough,pro large seat area nice bar area great simple drink menu best brick oven pizza homemade dough,1
Best tacos in town by far!!,best taco town far,best taco town far,1
The portions were small and not satisfying.,portion small not satisfy,portion small not satisfy,0
The food was bland and lacked flavor.,food bland lack flavor,food bland lack flavor,0
I consider this theft.,consider theft,consider theft,0
"I've had better, not only from dedicated boba tea spots, but even from Jenni Pho.",ive well not dedicate boba tea spot even jenni pho,ive well not dedicate boba tea spot even jenni pho,0
The restaurant had clean and well-maintained bathrooms.,restaurant clean wellmaintained bathroom,restaurant clean wellmaintained bathroom,1
"Best Buffet in town, for the price you cannot beat it.",best buffet town price not beat,best buffet town price not beat,1
I loved the bacon wrapped dates.,love bacon wrap date,love bacon wrap date,1
I also decided not to send it back because our waitress looked like she was on the verge of having a heart attack.,also decide not send back waitress look like verge heart attack,also decide not send back waitress look like verge heart attack,0
The service was outshining & I definitely recommend the Halibut.,service outshine definitely recommend halibut,service outshine definitely recommend halibut,1
The food was overpriced for the quality.,food overprice quality,food overprice quality,0
I've lived here since 1979 and this was the first (and last) time I've stepped foot into this place.,ive live since first last time ive stepped foot place,ive live since first last time ive stepped foot place,0
"I don't each much pasta, but I love the homemade /hand made pastas and thin pizzas here.",not much pasta love homemade hand make pasta thin pizza,not much pasta love homemade hand make pasta thin pizza,1
My boyfriend and i sat at the bar and had a completely delightful experience.,boyfriend sat bar completely delightful experience,boyfriend sat bar completely delightful experience,1
"The salad had just the right amount of sauce to not over power the scallop, which was perfectly cooked.",salad right amount sauce not power scallop perfectly cook,salad right amount sauce not power scallop perfectly cook,1
The ambiance was cozy and inviting.,ambiance cozy invite,ambiance cozy invite,1
The food was perfectly seasoned and delightful.,food perfectly season delightful,food perfectly season delightful,1
The Burrittos Blah!,burrittos blah,burrittos blah,0
The food was greasy and left me feeling sick.,food greasy leave feel sick,food greasy leave feel sick,0
"Insults, profound deuchebaggery, and had to go outside for a smoke break while serving just to solidify it.",insult profound deuchebaggery go outside smoke break serve solidify,insult profound deuchebaggery go outside smoke break serve solidify,0
We loved the biscuits!!!,love biscuit,love biscuit,1
This was my first time and I can't wait until the next.,first time not wait next,first time not wait next,1
The place was fairly clean but the food simply wasn't worth it.,place fairly clean food simply not worth,place fairly clean food simply not worth,0
Great food and great service in a clean and friendly setting.,great food great service clean friendly setting,great food great service clean friendly setting,1
"This place is like Chipotle, but BETTER.",place like chipotle good,place like chipotle good,1
Left very frustrated.,left frustrated,left frustrated,0
Nicest Chinese restaurant I've been in a while.,nice chinese restaurant ive,nice chinese restaurant ive,1
If you want a sandwich just go to any Firehouse!!!!!,want sandwich go firehouse,want sandwich go firehouse,1
A FLY was in my apple juice.. A FLY!!!!!!!!,fly apple juice fly,fly apple juice fly,0
The steaks are all well trimmed and also perfectly cooked.,steak well trim also perfectly cook,steak well trim also perfectly cook,1
Service was very prompt.,service prompt,service prompt,1
The waiters were unprofessional and lacked proper manners.,waiter unprofessional lacked proper manner,waiter unprofessional lacked proper manner,0
"Be sure to order dessert, even if you need to pack it to-go - the tiramisu and cannoli are both to die for.",sure order dessert even need pack togo tiramisu cannoli die,sure order dessert even need pack togo tiramisu cannoli die,1
They were excellent.,excellent,excellent,1
"I have eaten here multiple times, and each time the food was delicious.",eat multiple time time food delicious,eat multiple time time food delicious,1
The restaurant had limited seating capacity.,restaurant limit seating capacity,restaurant limit seating capacity,0
The bartender was also nice.,bartender also nice,bartender also nice,1
"Lastly, the mozzarella sticks, they were the best thing we ordered.",lastly mozzarella stick best thing order,lastly mozzarella stick best thing order,1
"The food is about on par with Denny's, which is to say, not good at all.",food par dennys say not good,food par dennys say not good,0
The service was extremely slow.,service extremely slow,service extremely slow,0
I had to wait over 30 minutes to get my drink and longer to get 2 arepas.,wait minute get drink long get arepas,wait minute get drink long get arepas,0
The flair bartenders are absolutely amazing!,flair bartender absolutely amazing,flair bartender absolutely amazing,1
The management was disorganized and inefficient.,management disorganize inefficient,management disorganize inefficient,0
The portions were inconsistent and lacked value.,portion inconsistent lack value,portion inconsistent lack value,0
The food had a mouthwatering and delightful taste.,food mouthwatering delightful taste,food mouthwatering delightful taste,1
The utensils and tableware were clean and polished.,utensil tableware clean polish,utensil tableware clean polish,1
I really enjoyed Crema Café before they expanded. I even told friends they had the BEST breakfast.,really enjoy crema caf expand even tell friend best breakfast,really enjoy crema caf expand even tell friend best breakfast,1
"We also ordered the spinach and avocado salad, the ingredients were sad and the dressing literally had zero taste.",also order spinach avocado salad ingredient sad dressing literally zero taste,also order spinach avocado salad ingredient sad dressing literally zero taste,0
The kids play area is NASTY!,kid play area nasty,kid play area nasty,0
And the beans and rice were mediocre at best.,bean rice mediocre best,bean rice mediocre best,0
"Overall, I was very disappointed with the quality of food at Bouchon.",overall disappointed quality food bouchon,overall disappointed quality food bouchon,0
I will come back here every time I'm in Vegas.,come back every time im vega,come back every time im vega,1
Great time - family dinner on a Sunday night.,great time family dinner sunday night,great time family dinner sunday night,1
The staff was apathetic and lacked enthusiasm.,staff apathetic lack enthusiasm,staff apathetic lack enthusiasm,0
"Not much flavor to them, and very poorly constructed.",not much flavor poorly construct,not much flavor poorly construct,0
We'll never go again.,well never go,well never go,0
All of the tapas dishes were delicious!,tapa dish delicious,tapa dish delicious,1
They have great dinners.,great dinner,great dinner,1
How awesome is that.,awesome,awesome,1
The restaurant had a tempting selection of desserts.,restaurant tempting selection dessert,restaurant tempting selection dessert,1
The service here is fair at best.,service fair best,service fair best,0
The waiters were inattentive and neglectful.,waiter inattentive neglectful,waiter inattentive neglectful,0
So they performed.,perform,perform,1
Great food and awesome service!,great food awesome service,great food awesome service,1
The portions were small and left us wanting more.,portion small leave want,portion small leave want,0
Food was below average.,food average,food average,0
"One nice thing was that they added gratuity on the bill since our party was larger than 6 or 8, and they didn't expect more tip than that.",one nice thing add gratuity bill since party large not expect tip,one nice thing add gratuity bill since party large not expect tip,1
"The food was great as always, compliments to the chef.",food great always compliment chef,food great always compliment chef,1
"Also, I feel like the chips are bought, not made in house.",also feel like chip buy not make house,also feel like chip buy not make house,0
The manager was the worst.,manager bad,manager bad,0
We won't be going back.,not go back,not go back,0
The restaurant had unclean tablecloths and utensils.,restaurant unclean tablecloth utensil,restaurant unclean tablecloth utensil,0
It wasn't busy at all and now we know why.,not busy know,not busy know,0
The dishes were served on chipped and dirty plates.,dish serve chipped dirty plate,dish serve chipped dirty plate,0
"The food was poorly seasoned, lacking in taste and spices.",food poorly seasoned lacking taste spice,food poorly seasoned lacking taste spice,0
The food was outstanding and the prices were very reasonable.,food outstanding price reasonable,food outstanding price reasonable,1
The wait staff appeared uninterested and inattentive.,wait staff appear uninterested inattentive,wait staff appear uninterested inattentive,0
The restaurant had comfortable and stylish decor.,restaurant comfortable stylish decor,restaurant comfortable stylish decor,1
The portions were skimpy and left us unsatisfied.,portion skimpy leave unsatisfied,portion skimpy leave unsatisfied,0
"The food is delicious and just spicy enough, so be sure to ask for spicier if you prefer it that way.",food delicious spicy enough sure ask spicy prefer way,food delicious spicy enough sure ask spicy prefer way,1
"Great steak, great sides, great wine, amazing desserts.",great steak great side great wine amazing dessert,great steak great side great wine amazing dessert,1
The food was underseasoned and lacked taste.,food underseasoned lack taste,food underseasoned lack taste,0
The restaurant had a variety of gluten-free options.,restaurant variety glutenfree option,restaurant variety glutenfree option,1
Everything was gross.,everything gross,everything gross,0
The dishes were poorly presented and unappetizing.,dish poorly present unappetizing,dish poorly present unappetizing,0
The food lacked freshness and tasted old.,food lack freshness taste old,food lack freshness taste old,0
It was a pale color instead of nice and char and has NO flavor.,pale color instead nice char no flavor,pale color instead nice char no flavor,0
Their regular toasted bread was equally satisfying with the occasional pats of butter... Mmmm...!,regular toast bread equally satisfy occasional pat butter mmmm,regular toast bread equally satisfy occasional pat butter mmmm,1
It was delicious!!!,delicious,delicious,1
Don't do it!!!!,not,not,0
Will not be back!,not back,not back,0
The restaurant had a range of gluten-free and vegan options.,restaurant range glutenfree vegan option,restaurant range glutenfree vegan option,1
The staff was friendly and provided excellent hospitality.,staff friendly provided excellent hospitality,staff friendly provided excellent hospitality,1
The food was overpriced and didn't justify the cost.,food overprice not justify cost,food overprice not justify cost,0
It is worth the drive.,worth drive,worth drive,1
The portions were skimpy and left us hungry.,portion skimpy leave hungry,portion skimpy leave hungry,0
The sergeant pepper beef sandwich with auju sauce is an excellent sandwich as well.,sergeant pepper beef sandwich auju sauce excellent sandwich well,sergeant pepper beef sandwich auju sauce excellent sandwich well,1
Couldn't ask for a more satisfying meal.,could not ask satisfying meal,could not ask satisfying meal,1
"Love this place, hits the spot when I want something healthy but not lacking in quantity or flavor.",love place hit spot want something healthy not lack quantity flavor,love place hit spot want something healthy not lack quantity flavor,1
The drinks were watered down.,drink water,drink water,0
Great pork sandwich.,great pork sandwich,great pork sandwich,1
"The staff is always super friendly and helpful, which is especially cool when you bring two small boys and a baby!",staff always super friendly helpful especially cool bring two small boy baby,staff always super friendly helpful especially cool bring two small boy baby,1
I was mortified.,mortify,mortify,0
RUDE & INCONSIDERATE MANAGEMENT.,rude inconsiderate management,rude inconsiderate management,0
Boy was that sucker dry!!.,boy sucker dry,boy sucker dry,0
"The food was underwhelming, falling short of expectations.",food underwhelming fall short expectation,food underwhelming fall short expectation,0
The vanilla ice cream was creamy and smooth while the profiterole (choux) pastry was fresh enough.,vanilla ice cream creamy smooth profiterole chou pastry fresh enough,vanilla ice cream creamy smooth profiterole chou pastry fresh enough,1
The staff was rude and unhelpful in resolving issues.,staff rude unhelpful resolve issue,staff rude unhelpful resolve issue,0
"What did bother me, was the slow service.",bother slow service,bother slow service,0
Seafood was limited to boiled shrimp and crab legs but the crab legs definitely did not taste fresh.,seafood limit boil shrimp crab leg crab legs definitely not taste fresh,seafood limit boil shrimp crab leg crab legs definitely not taste fresh,0
This place is way too overpriced for mediocre food.,place way overprice mediocre food,place way overprice mediocre food,0
Spend your money and time some place else.,spend money time place else,spend money time place else,0
"The service was a little slow , considering that were served by 3 people servers so the food was coming in a slow pace.",service little slow consider serve people server food come slow pace,service little slow consider serve people server food come slow pace,0
It sure does beat the nachos at the movies but I would expect a little bit more coming from a restaurant.,sure beat nacho movie would expect little bit come restaurant,sure beat nacho movie would expect little bit come restaurant,0
The portions were satisfying and left us content.,portion satisfy leave content,portion satisfy leave content,1
My friend did not like his Bloody Mary.,friend not like bloody mary,friend not like bloody mary,0
The food tasted fresh and full of flavor.,food taste fresh full flavor,food taste fresh full flavor,1
"Poor service, the waiter made me feel like I was stupid every time he came to the table.",poor service waiter make feel like stupid every time come table,poor service waiter make feel like stupid every time come table,0
Service sucks.,service suck,service suck,0
They dropped more than the ball.,drop ball,drop ball,0
Good beer & drink selection and good food selection.,good beer drink selection good food selection,good beer drink selection good food selection,1
The waiters were attentive and got our orders right.,waiter attentive get order right,waiter attentive get order right,1
The waiters were pushy and constantly upselling.,waiter pushy constantly upselling,waiter pushy constantly upselling,0
I love the fact that everything on their menu is worth it.,love fact everything menu worth,love fact everything menu worth,1
The servers had an exceptional knowledge of the menu.,server exceptional knowledge menu,server exceptional knowledge menu,1
You can't beat that.,not beat,not beat,1
The portions were inconsistent and not filling.,portion inconsistent not fill,portion inconsistent not fill,0
The dishes had an unpleasant and strange texture.,dish unpleasant strange texture,dish unpleasant strange texture,0
"In summary, this was a largely disappointing dining experience.",summary largely disappointing din experience,summary largely disappointing din experience,0
"As for the ""mains,"" also uninspired.",main also uninspired,main also uninspired,0
"The restaurant had a range of vegetarian, vegan, and gluten-free options.",restaurant range vegetarian vegan glutenfree option,restaurant range vegetarian vegan glutenfree option,1
The waiters were attentive and provided great recommendations.,waiter attentive provide great recommendation,waiter attentive provide great recommendation,1
The roast beef sandwich tasted really good!,roast beef sandwich taste really good,roast beef sandwich taste really good,1
The food had an appetizing and appealing presentation.,food appetizing appeal presentation,food appetizing appeal presentation,1
It also took her forever to bring us the check when we asked for it.,also take forever bring check ask,also take forever bring check ask,0
"The burger is good beef, cooked just right.",burger good beef cook right,burger good beef cook right,1
The restaurant did not accommodate dietary restrictions.,restaurant not accommodate dietary restriction,restaurant not accommodate dietary restriction,0
The staff was rude and disrespectful.,staff rude disrespectful,staff rude disrespectful,0
She ordered a toasted English muffin that came out untoasted.,order toasted english muffin come untoasted,order toasted english muffin come untoasted,0
The food was a culinary delight with its exquisite flavors.,food culinary delight exquisite flavor,food culinary delight exquisite flavor,1
Maybe if they weren't cold they would have been somewhat edible.,maybe not cold would somewhat edible,maybe not cold would somewhat edible,0
Sooooo good!!,sooooo good,sooooo good,1
Update.....went back for a second time and it was still just as amazing,updatewent back second time still amazing,updatewent back second time still amazing,1
It was probably dirt.,probably dirt,probably dirt,0
We made the drive all the way from North Scottsdale... and I was not one bit disappointed!,make drive way north scottsdale not one bit disappointed,make drive way north scottsdale not one bit disappointed,1
The food was a culinary delight with its exquisite taste.,food culinary delight exquisite taste,food culinary delight exquisite taste,1
It was equally awful.,equally awful,equally awful,0
"(It wasn't busy either) Also, the building was FREEZING cold.",not busy either also building freeze cold,not busy either also building freeze cold,0
Paying $7.85 for a hot dog and fries that looks like it came out of a kid's meal at the Wienerschnitzel is not my idea of a good meal.,pay hot dog fry look like come kid meal wienerschnitzel not idea good meal,pay hot dog fry look like come kid meal wienerschnitzel not idea good meal,0
The restaurant had dirty dishes and stained cutlery.,restaurant dirty dish stain cutlery,restaurant dirty dish stain cutlery,0
The desserts were a bit strange.,dessert bit strange,dessert bit strange,0
The restaurant had a vibrant and lively atmosphere.,restaurant vibrant lively atmosphere,restaurant vibrant lively atmosphere,1
The restaurant had dirty tables and sticky surfaces.,restaurant dirty table sticky surface,restaurant dirty table sticky surface,0
This is an unbelievable BARGAIN!,unbelievable bargain,unbelievable bargain,1
Service is friendly and inviting.,service friendly invite,service friendly invite,1
Pretty awesome place.,pretty awesome place,pretty awesome place,1
"They have horrible attitudes towards customers, and talk down to each one when customers don't enjoy their food.",horrible attitude towards customer talk one customer not enjoy food,horrible attitude towards customer talk one customer not enjoy food,0
The restaurant had poor ventilation and felt stuffy.,restaurant poor ventilation felt stuffy,restaurant poor ventilation felt stuffy,0
The portions were small and left us unsatisfied.,portion small leave unsatisfied,portion small leave unsatisfied,0
"All in all, Ha Long Bay was a bit of a flop.",ha long bay bit flop,ha long bay bit flop,0
The staff was disorganized and made errors with our orders.,staff disorganize make error order,staff disorganize make error order,0
- the food is rich so order accordingly.,food rich order accordingly,food rich order accordingly,1
The waiters were knowledgeable about the menu.,waiter knowledgeable menu,waiter knowledgeable menu,1
"The first time I ever came here I had an amazing experience, I still tell people how awesome the duck was.",first time ever come amazing experience still tell people awesome duck,first time ever come amazing experience still tell people awesome duck,1
The restaurant did not offer vegetarian options.,restaurant not offer vegetarian option,restaurant not offer vegetarian option,0
The staff was unwelcoming and didn't provide good hospitality.,staff unwelcoming not provide good hospitality,staff unwelcoming not provide good hospitality,0
"Sadly, Gordon Ramsey's Steak is a place we shall sharply avoid during our next trip to Vegas.",sadly gordon ramseys steak place shall sharply avoid next trip vegas,sadly gordon ramseys steak place shall sharply avoid next trip vegas,0
The portions were overpriced and not worth it.,portion overprice not worth,portion overprice not worth,0
The chicken was deliciously seasoned and had the perfect fry on the outside and moist chicken on the inside.,chicken deliciously seasoned perfect fry outside moist chicken inside,chicken deliciously seasoned perfect fry outside moist chicken inside,1
The staff was professional and provided impeccable service.,staff professional provide impeccable service,staff professional provide impeccable service,1
"Great atmosphere, friendly and fast service.",great atmosphere friendly fast service,great atmosphere friendly fast service,1
"In the summer, you can dine in a charming outdoor patio - so very delightful.",summer dine charming outdoor patio delightful,summer dine charming outdoor patio delightful,1
"Everyone is very attentive, providing excellent customer service.",everyone attentive providing excellent customer service,everyone attentive providing excellent customer service,1
The wait staff appeared disengaged and unenthusiastic.,wait staff appear disengage unenthusiastic,wait staff appear disengage unenthusiastic,0
So don't go there if you are looking for good food...,not go look good food,not go look good food,0
The staff was professional and courteous.,staff professional courteous,staff professional courteous,1
The portions were tiny and unsatisfying.,portion tiny unsatisfying,portion tiny unsatisfying,0
"This was my first crawfish experience, and it was delicious!",first crawfish experience delicious,first crawfish experience delicious,1
We literally sat there for 20 minutes with no one asking to take our order.,literally sit minute no one ask take order,literally sit minute no one ask take order,0
"This place is a jewel in Las Vegas, and exactly what I've been hoping to find in nearly ten years living here.",place jewel la vega exactly ive hop find nearly ten year live,place jewel la vega exactly ive hop find nearly ten year live,1
An extensive menu provides lots of options for breakfast.,extensive menu provide lot option breakfast,extensive menu provide lot option breakfast,1
Once you get inside you'll be impressed with the place.,get inside youll impress place,get inside youll impress place,1
My boyfriend tried the Mediterranean Chicken Salad and fell in love.,boyfriend try mediterranean chicken salad fell love,boyfriend try mediterranean chicken salad fell love,1
Today is the second time I've been to their lunch buffet and it was pretty good.,today second time ive lunch buffet pretty good,today second time ive lunch buffet pretty good,1
This is a great restaurant at the Mandalay Bay.,great restaurant mandalay bay,great restaurant mandalay bay,1
"Best service and food ever, Maria our server was so good and friendly she made our day.",best service food ever maria server good friendly make day,best service food ever maria server good friendly make day,1
The chefs were friendly and did a good job.,chef friendly good job,chef friendly good job,1
Awesome selection of beer.,awesome selection beer,awesome selection beer,1
The food was overpriced for the quality served.,food overprice quality serve,food overprice quality serve,0
"The portions were small, not filling or satisfying.",portion small not fill satisfy,portion small not fill satisfy,0
The servers were constantly chatting and ignoring customers.,server constantly chat ignore customer,server constantly chat ignore customer,0
"For about 10 minutes, we we're waiting for her salad when we realized that it wasn't coming any time soon.",minute wait salad realize not come time soon,minute wait salad realize not come time soon,0
The staff was slow to respond and didn't address our needs.,staff slow respond not address need,staff slow respond not address need,0
Very friendly staff.,friendly staff,friendly staff,1
"The waiters were slow and forgetful, mixing up orders.",waiter slow forgetful mixing order,waiter slow forgetful mixing order,0
Damn good steak.,damn good steak,damn good steak,1
I wouldn't return.,would not return,would not return,0
The staff was slow and inefficient.,staff slow inefficient,staff slow inefficient,0
"For service, I give them no stars.",service give no star,service give no star,0
The portions were ridiculously small.,portion ridiculously small,portion ridiculously small,0
"I gave it 5 stars then, and I'm giving it 5 stars now.",give star im give star,give star im give star,1
It kept getting worse and worse so now I'm officially done.,keep get bad bad im officially,keep get bad bad im officially,0
"This place is not quality sushi, it is not a quality restaurant.",place not quality sushi not quality restaurant,place not quality sushi not quality restaurant,0
The potato chip order was sad... I could probably count how many chips were in that box and it was probably around 12.,potato chip order sad could probably count many chip box probably around,potato chip order sad could probably count many chip box probably around,0
"Despite how hard I rate businesses, its actually rare for me to give a 1 star.",despite hard rate business actually rare give star,despite hard rate business actually rare give star,0
Crust is not good.,crust not good,crust not good,0
We won't be going back anytime soon!,not go back anytime soon,not go back anytime soon,0
The food was underwhelming and didn't impress.,food underwhelming not impress,food underwhelming not impress,0
"I don't know what the big deal is about this place, but I won't be back ""ya'all"".",not know big deal place not back yaall,not know big deal place not back yaall,0
This place was such a nice surprise!,place nice surprise,place nice surprise,1
I waited and waited.,wait wait,wait wait,0
The waiters were impolite and lacked basic manners.,waiter impolite lacked basic manner,waiter impolite lacked basic manner,0
"The chips and salsa were really good, the salsa was very fresh.",chip salsa really good salsa fresh,chip salsa really good salsa fresh,1
The service was slow and rude.,service slow rude,service slow rude,0
"Very good, though!",good though,good though,1
The restaurant had clean and well-appointed restrooms.,restaurant clean wellappointed restroom,restaurant clean wellappointed restroom,1
"- Really, really good rice, all the time.",really really good rice time,really really good rice time,1
I paid the bill but did not tip because I felt the server did a terrible job.,pay bill not tip felt server terrible job,pay bill not tip felt server terrible job,0
Would come back again if I had a sushi craving while in Vegas.,would come back sushi craving vega,would come back sushi craving vega,1
"If you look for authentic Thai food, go else where.",look authentic thai food go else,look authentic thai food go else,0
"No, I'm going to eat the potato that I found some strangers hair in it.",no im go eat potato find stranger hair,no im go eat potato find stranger hair,0
"The portions were disappointing, not worth the price paid.",portion disappoint not worth price pay,portion disappoint not worth price pay,0
The food was served hot and mouthwatering.,food serve hot mouthwatering,food serve hot mouthwatering,1
The food tasted burnt and charred.,food taste burnt char,food taste burnt char,0
The staff was unfriendly and provided poor customer service.,staff unfriendly provide poor customer service,staff unfriendly provide poor customer service,0
"On the good side, the staff was genuinely pleasant and enthusiastic - a real treat.",good side staff genuinely pleasant enthusiastic real treat,good side staff genuinely pleasant enthusiastic real treat,1
Very Very Disappointed ordered the $35 Big Bay Plater.,disappointed order big bay plater,disappointed order big bay plater,0
This place is horrible and way overpriced.,place horrible way overprice,place horrible way overprice,0
And service was super friendly.,service super friendly,service super friendly,1
The staff was unfriendly and showed no hospitality.,staff unfriendly show no hospitality,staff unfriendly show no hospitality,0
The dishes had the perfect level of spiciness.,dish perfect level spiciness,dish perfect level spiciness,1
The waiters were slow and forgetful with our orders.,waiter slow forgetful order,waiter slow forgetful order,0
The restaurant had no vegan options.,restaurant no vegan option,restaurant no vegan option,0
"Overall, I like this place a lot.",overall like place lot,overall like place lot,1
this place is good.,place good,place good,1
The restaurant had poor hygiene and cleanliness.,restaurant poor hygiene cleanliness,restaurant poor hygiene cleanliness,0
Would not go back.,would not go back,would not go back,0
The service was a bit lacking.,service bit lack,service bit lack,0
This was my first and only Vegas buffet and it did not disappoint.,first vegas buffet not disappoint,first vegas buffet not disappoint,1
The atmosphere was great with a lovely duo of violinists playing songs we requested.,atmosphere great lovely duo violinist play song request,atmosphere great lovely duo violinist play song request,1
Service was exceptional and food was a good as all the reviews.,service exceptional food good review,service exceptional food good review,1
The wait staff seemed knowledgeable and well-trained.,wait staff seem knowledgeable welltrained,wait staff seem knowledgeable welltrained,1
Nothing special.,nothing special,nothing special,0
Thoroughly disappointed!,thoroughly disappointed,thoroughly disappointed,0
"Of all the dishes, the salmon was the best, but all were great.",dish salmon best great,dish salmon best great,1
"The best place in Vegas for breakfast (just check out a Sat, or Sun.",best place vega breakfast check sat sun,best place vega breakfast check sat sun,1
The food was bland and uninspiring.,food bland uninspiring,food bland uninspiring,0
"This place is not worth your time, let alone Vegas.",place not worth time let alone vegas,place not worth time let alone vegas,0
Food is way overpriced and portions are fucking small.,food way overpriced portion fuck small,food way overpriced portion fuck small,0
very tough and very short on flavor!,tough short flavor,tough short flavor,0
We waited for forty five minutes in vain.,wait forty five minute vain,wait forty five minute vain,0
Shrimp- When I unwrapped it (I live only 1/2 a mile from Brushfire) it was literally ice cold.,shrimp unwrap live mile brushfire literally ice cold,shrimp unwrap live mile brushfire literally ice cold,0
I don't have to be an accountant to know I'm getting screwed!,not accountant know im get screw,not accountant know im get screw,0
The portions were small and didn't justify the price.,portion small not justify price,portion small not justify price,0
We recently witnessed her poor quality of management towards other guests as well.,recently witness poor quality management towards guest well,recently witness poor quality management towards guest well,0
"No allergy warnings on the menu, and the waitress had absolutely no clue as to which meals did or did not contain peanuts.",no allergy warning menu waitress absolutely no clue meal not contain peanut,no allergy warning menu waitress absolutely no clue meal not contain peanut,0
It's too bad the food is so damn generic.,bad food damn generic,bad food damn generic,0
"He was extremely rude and really, there are so many other restaurants I would love to dine at during a weekend in Vegas.",extremely rude really many restaurant would love dine weekend vega,extremely rude really many restaurant would love dine weekend vega,0
The restaurant had dirty dishes and neglected cleanliness.,restaurant dirty dish neglected cleanliness,restaurant dirty dish neglected cleanliness,0
The dishes were overcooked and dry.,dish overcook dry,dish overcook dry,0
Great food.,great food,great food,1
The food was delectable and mouthwatering.,food delectable mouthwatering,food delectable mouthwatering,1
Food quality has been horrible.,food quality horrible,food quality horrible,0
I will continue to come here on ladies night andddd date night ... highly recommend this place to anyone who is in the area.,continue come lady night andddd date night highly recommend place anyone area,continue come lady night andddd date night highly recommend place anyone area,1
The restaurant had an unpleasant smell throughout.,restaurant unpleasant smell throughout,restaurant unpleasant smell throughout,0
The waitress and manager are so friendly.,waitress manager friendly,waitress manager friendly,1
"The staff are now not as friendly, the wait times for being served are horrible, no one even says hi for the first 10 minutes.",staff not friendly wait time serve horrible no one even say hi first minute,staff not friendly wait time serve horrible no one even say hi first minute,0
All the bread is made in-house!,bread make inhouse,bread make inhouse,1
The service was disorganized and chaotic.,service disorganize chaotic,service disorganize chaotic,0
Definitely not worth the $3 I paid.,definitely not worth pay,definitely not worth pay,0
The dishes were overpriced for their quality.,dish overprice quality,dish overprice quality,0
say bye bye to your tip lady!,say bye bye tip lady,say bye bye tip lady,0
"The chips that came out were dripping with grease, and mostly not edible.",chip come drip grease mostly not edible,chip come drip grease mostly not edible,0
Must have been an off night at this place.,must night place,must night place,0
"I loved the grilled pizza, reminded me of legit Italian pizza.",love grilled pizza remind legit italian pizza,love grilled pizza remind legit italian pizza,1
The restaurant had a foul smell.,restaurant foul smell,restaurant foul smell,0
Their chow mein is so good!,chow mein good,chow mein good,1
"I live in the neighborhood so I am disappointed I won't be back here, because it is a convenient location.",live neighborhood disappoint not back convenient location,live neighborhood disappoint not back convenient location,0
The restaurant had dirty menus and sticky surfaces.,restaurant dirty menu sticky surface,restaurant dirty menu sticky surface,0
"The fries were not hot, and neither was my burger.",fry not hot neither burger,fry not hot neither burger,0
"Plus, it's only 8 bucks.",plus buck,plus buck,1
The staff was disorganized and had difficulty managing orders.,staff disorganize difficulty manage order,staff disorganize difficulty manage order,0
Bland and flavorless is a good way of describing the barely tepid meat.,bland flavorless good way describe barely tepid meat,bland flavorless good way describe barely tepid meat,0
My drink was never empty and he made some really great menu suggestions.,drink never empty make really great menu suggestion,drink never empty make really great menu suggestion,1
The restaurant had clean and well-maintained facilities.,restaurant clean wellmaintained facility,restaurant clean wellmaintained facility,1
The portions were meager and left us feeling unsatisfied.,portion meager leave feel unsatisfied,portion meager leave feel unsatisfied,0
"You get incredibly fresh fish, prepared with care.",get incredibly fresh fish prepare care,get incredibly fresh fish prepare care,1
We will not be coming back.,not come back,not come back,0
"Never been to Hard Rock Casino before, WILL NEVER EVER STEP FORWARD IN IT AGAIN!",never hard rock casino never ever step forward,never hard rock casino never ever step forward,0
The cocktails are all handmade and delicious.,cocktail handmade delicious,cocktail handmade delicious,1
A fantastic neighborhood gem !!!,fantastic neighborhood gem,fantastic neighborhood gem,1
The food had an odd combination of flavors.,food odd combination flavor,food odd combination flavor,0
The feel of the dining room was more college cooking course than high class dining and the service was slow at best.,feel dining room college cook course high class dining service slow best,feel dining room college cook course high class dining service slow best,0
"Similarly, the delivery man did not say a word of apology when our food was 45 minutes late.",similarly delivery man not say word apology food minute late,similarly delivery man not say word apology food minute late,0
"i felt insulted and disrespected, how could you talk and judge another human being like that?",felt insulted disrespect could talk judge another human like,felt insulted disrespect could talk judge another human like,0
The food was tasteless and lacked any flavor.,food tasteless lack flavor,food tasteless lack flavor,0
"As much as I'd like to go back, I can't get passed the atrocious service and will never return.",much id like go back not get pass atrocious service never return,much id like go back not get pass atrocious service never return,0
The restaurant was dirty and unclean.,restaurant dirty unclean,restaurant dirty unclean,0
The refried beans that came with my meal were dried out and crusty and the food was bland.,refried bean come meal dry crusty food bland,refried bean come meal dry crusty food bland,0
The restaurant had a warm and welcoming ambiance.,restaurant warm welcoming ambiance,restaurant warm welcoming ambiance,1
"When my order arrived, one of the gyros was missing.",order arrive one gyro miss,order arrive one gyro miss,0
The staff was unresponsive and didn't attend to our concerns.,staff unresponsive not attend concern,staff unresponsive not attend concern,0
The portions were tiny and left us hungry.,portion tiny leave hungry,portion tiny leave hungry,0
"Level 5 spicy was perfect, where spice didn't over-whelm the soup.",level spicy perfect spice not overwhelm soup,level spicy perfect spice not overwhelm soup,1
I don't think we'll be going back anytime soon.,not think well go back anytime soon,not think well go back anytime soon,0
Our server was very nice and attentive as were the other serving staff.,server nice attentive serving staff,server nice attentive serving staff,1
Our server was super nice and checked on us many times.,server super nice check many time,server super nice check many time,1
"The restaurant had poor ventilation, making the air stuffy.",restaurant poor ventilation make air stuffy,restaurant poor ventilation make air stuffy,0
The staff was unprofessional and impolite.,staff unprofessional impolite,staff unprofessional impolite,0
"Food was good, service was good, Prices were good.",food good service good price good,food good service good price good,1
The food had a harmonious blend of flavors and textures.,food harmonious blend flavor texture,food harmonious blend flavor texture,1
The food was worth every penny.,food worth every penny,food worth every penny,1
Eew... This location needs a complete overhaul.,eew location need complete overhaul,eew location need complete overhaul,0
This is my new fav Vegas buffet spot.,new fav vega buffet spot,new fav vega buffet spot,1
I love this place.,love place,love place,1
I won't try going back there even if it's empty.,not try go back even empty,not try go back even empty,0
Always a great time at Dos Gringos!,always great time gringo,always great time gringo,1
The food was absolutely delicious.,food absolutely delicious,food absolutely delicious,1
The waiters were friendly and provided exceptional service.,waiter friendly provide exceptional service,waiter friendly provide exceptional service,1
The dishes were poorly presented and sloppily plated.,dish poorly present sloppily plat,dish poorly present sloppily plat,0
The food had a tantalizing and mouthwatering taste.,food tantalizing mouthwatering taste,food tantalizing mouthwatering taste,1
The restaurant had slow and inefficient service.,restaurant slow inefficient service,restaurant slow inefficient service,0
"Great food for the price, which is very high quality and house made.",great food price high quality house make,great food price high quality house make,1
The restaurant had clean and well-designed menus.,restaurant clean welldesigned menu,restaurant clean welldesigned menu,1
"Seriously flavorful delights, folks.",seriously flavorful delight folk,seriously flavorful delight folk,1
Their steaks are 100% recommended!,steak recommend,steak recommend,1
The waiters were impolite and impatient with us.,waiter impolite impatient,waiter impolite impatient,0
The food had a harmonious blend of spices and ingredients.,food harmonious blend spice ingredient,food harmonious blend spice ingredient,1
The restaurant had limited vegetarian options and poor alternatives.,restaurant limit vegetarian option poor alternative,restaurant limit vegetarian option poor alternative,0
We watched our waiter pay a lot more attention to other tables and ignore us.,watch waiter pay lot attention table ignore,watch waiter pay lot attention table ignore,0
Their frozen margaritas are WAY too sugary for my taste.,frozen margarita way sugary taste,frozen margarita way sugary taste,0
The dishes were served lukewarm and not hot.,dish serve lukewarm not hot,dish serve lukewarm not hot,0
"My breakfast was perpared great, with a beautiful presentation of 3 giant slices of Toast, lightly dusted with powdered sugar.",breakfast perpared great beautiful presentation giant slice toast lightly dust powdered sugar,breakfast perpared great beautiful presentation giant slice toast lightly dust powdered sugar,1
It really is impressive that the place hasn't closed down.,really impressive place not close,really impressive place not close,0
No complaints!,no complaint,no complaint,1
They really want to make your experience a good one.,really want make experience good one,really want make experience good one,1
The waiters were attentive and knowledgeable.,waiter attentive knowledgeable,waiter attentive knowledgeable,1
The staff are also very friendly and efficient.,staff also friendly efficient,staff also friendly efficient,1
I would definitely recommend the wings as well as the pizza.,would definitely recommend wing well pizza,would definitely recommend wing well pizza,1
The owners are super friendly and the staff is courteous.,owner super friendly staff courteous,owner super friendly staff courteous,1
This place deserves one star and 90% has to do with the food.,place deserve one star food,place deserve one star food,0
If you haven't gone here GO NOW!,not go go,not go go,1
I think food should have flavor and texture and both were lacking.,think food flavor texture lack,think food flavor texture lack,0
"I don't have very many words to say about this place, but it does everything pretty well.",not many word say place everything pretty well,not many word say place everything pretty well,1
The management was disorganized and unprofessional.,management disorganize unprofessional,management disorganize unprofessional,0
Service was good and the company was better!,service good company good,service good company good,1
Worst Thai ever.,bad thai ever,bad thai ever,0
I am far from a sushi connoisseur but I can definitely tell the difference between good food and bad food and this was certainly bad food.,far sushi connoisseur definitely tell difference good food bad food certainly bad food,far sushi connoisseur definitely tell difference good food bad food certainly bad food,0
"Maybe it's just their Vegetarian fare, but I've been twice and I thought it was average at best.",maybe vegetarian fare ive twice think average best,maybe vegetarian fare ive twice think average best,0
OMG I felt like I had never eaten Thai food until this dish.,omg felt like never eat thai food dish,omg felt like never eat thai food dish,1
I work in the hospitality industry in Paradise Valley and have refrained from recommending Cibo any longer.,work hospitality industry paradise valley refrain recommend cibo long,work hospitality industry paradise valley refrain recommend cibo long,0
Dessert: Panna Cotta was amazing.,dessert panna cotta amaze,dessert panna cotta amaze,1
"Then, as if I hadn't wasted enough of my life there, they poured salt in the wound by drawing out the time it took to bring the check.",not waste enough life pour salt wound draw time take bring check,not waste enough life pour salt wound draw time take bring check,0
This place is great!!!!!!!!!!!!!!,place great,place great,1
I love the decor with the Chinese calligraphy wall paper.,love decor chinese calligraphy wall paper,love decor chinese calligraphy wall paper,1
Not my thing.,not thing,not thing,0
I vomited in the bathroom mid lunch.,vomit bathroom mid lunch,vomit bathroom mid lunch,0
After I pulled up my car I waited for another 15 minutes before being acknowledged.,pull car wait another minute acknowledge,pull car wait another minute acknowledge,0
Very good lunch spot.,good lunch spot,good lunch spot,1
Just had lunch here and had a great experience.,lunch great experience,lunch great experience,1
The portions were generous and left us feeling completely satisfied.,portion generous leave feel completely satisfied,portion generous leave feel completely satisfied,1
The restaurant had unclean tables and sticky surfaces.,restaurant unclean table sticky surface,restaurant unclean table sticky surface,0
The restaurant had unclean facilities and neglected cleanliness.,restaurant unclean facility neglect cleanliness,restaurant unclean facility neglect cleanliness,0
"I personally love the hummus, pita, baklava, falafels and Baba Ganoush (it's amazing what they do with eggplant!).",personally love hummus pita baklava falafel baba ganoush amaze eggplant,personally love hummus pita baklava falafel baba ganoush amaze eggplant,1
Never again will I be dining at this place!,never din place,never din place,0
The restaurant atmosphere was exquisite.,restaurant atmosphere exquisite,restaurant atmosphere exquisite,1
This one is simply a disappointment.,one simply disappointment,one simply disappointment,0
"Also, the fries are without a doubt the worst fries I've ever had.",also fry without doubt bad fry ive ever,also fry without doubt bad fry ive ever,0
this was a different cut than the piece the other day but still wonderful and tender s well as well flavored.,different cut piece day still wonderful tender well well flavored,different cut piece day still wonderful tender well well flavored,1
I've never been more insulted or felt disrespected.,ive never insulted felt disrespect,ive never insulted felt disrespect,0
So flavorful and has just the perfect amount of heat.,flavorful perfect amount heat,flavorful perfect amount heat,1
"If you love authentic Mexican food and want a whole bunch of interesting, yet delicious meats to choose from, you need to try this place.",love authentic mexican food want whole bunch interest yet delicious meat choose need try place,love authentic mexican food want whole bunch interest yet delicious meat choose need try place,1
The restaurant had a long wait time for a table.,restaurant long wait time table,restaurant long wait time table,0
It was way over fried.,way fried,way fried,0
"I started this review with two stars, but I'm editing it to give it only one.",start review two star im edit give one,start review two star im edit give one,0
"The service was great, even the manager came and helped with our table.",service great even manager come help table,service great even manager come help table,1
"It's close to my house, it's low-key, non-fancy, affordable prices, good food.",close house lowkey nonfancy affordable price good food,close house lowkey nonfancy affordable price good food,1
The best place to go for a tasty bowl of Pho!,best place go tasty bowl pho,best place go tasty bowl pho,1
But I definitely would not eat here again.,definitely would not eat,definitely would not eat,0
Do yourself a favor and stay away from this dish.,favor stay away dish,favor stay away dish,0
"The food, amazing.",food amazing,food amazing,1
"I got to enjoy the seafood salad, with a fabulous vinegrette.",get enjoy seafood salad fabulous vinegrette,get enjoy seafood salad fabulous vinegrette,1
The servers had an extensive knowledge of the menu.,server extensive knowledge menu,server extensive knowledge menu,1
Great Pizza and Salads!,great pizza salad,great pizza salad,1
"They have a plethora of salads and sandwiches, and everything I've tried gets my seal of approval.",plethora salad sandwich everything ive tried get seal approval,plethora salad sandwich everything ive tried get seal approval,1
But now I was completely grossed out.,completely gross,completely gross,0
The food was flavorless and lacked seasoning.,food flavorless lack season,food flavorless lack season,0
Bacon is hella salty.,bacon hella salty,bacon hella salty,1
Before I go in to why I gave a 1 star rating please know that this was my third time eating at Bachi burger before writing a review.,go give star rating please know third time eat bachi burger write review,go give star rating please know third time eat bachi burger write review,0
Great service and food.,great service food,great service food,1
I had a seriously solid breakfast here.,seriously solid breakfast,seriously solid breakfast,1
"I had strawberry tea, which was good.",strawberry tea good,strawberry tea good,1
"It took over 30 min to get their milkshake, which was nothing more than chocolate milk.",take min get milkshake nothing chocolate milk,take min get milkshake nothing chocolate milk,0
Everyone is treated equally special.,everyone treat equally special,everyone treat equally special,1
Never had anything to complain about here.,never anything complain,never anything complain,1
It was absolutely amazing.,absolutely amazing,absolutely amazing,1
The waiters were unprofessional and lacked basic manners.,waiter unprofessional lacked basic manner,waiter unprofessional lacked basic manner,0
"Friend's pasta -- also bad, he barely touched it.",friend pasta also bad barely touch,friend pasta also bad barely touch,0
We got the food and apparently they have never heard of salt and the batter on the fish was chewy.,get food apparently never hear salt batter fish chewy,get food apparently never hear salt batter fish chewy,0
A lady at the table next to us found a live green caterpillar In her salad.,lady table next find live green caterpillar salad,lady table next find live green caterpillar salad,0
Their monster chicken fried steak and eggs is my all time favorite.,monster chicken fry steak egg time favorite,monster chicken fry steak egg time favorite,1
The waiters were impolite and showed no patience.,waiter impolite show no patience,waiter impolite show no patience,0
The restaurant had a lack of vegetarian-friendly options.,restaurant lack vegetarianfriendly option,restaurant lack vegetarianfriendly option,0
The real disappointment was our waiter.,real disappointment waiter,real disappointment waiter,0
"Point your finger at any item on the menu, order it and you won't be disappointed.",point finger item menu order not disappoint,point finger item menu order not disappoint,1
"The shower area is outside so you can only rinse, not take a full shower, unless you don't mind being nude for everyone to see!",shower area outside rinse not take full shower unless not mind nude everyone see,shower area outside rinse not take full shower unless not mind nude everyone see,0
"Needless to say, I won't be going back anytime soon.",needless say not go back anytime soon,needless say not go back anytime soon,0
first time there and might just be the last.,first time might last,first time might last,0
But the service was beyond bad.,service beyond bad,service beyond bad,0
Good prices.,good price,good price,1
By this time our side of the restaurant was almost empty so there was no excuse.,time side restaurant almost empty no excuse,time side restaurant almost empty no excuse,0
The service was terrible though.,service terrible though,service terrible though,0
The waitresses are very friendly.,waitress friendly,waitress friendly,1
Don't bother coming here.,not bother come,not bother come,0
The restaurant had uncomfortable chairs and cramped spaces.,restaurant uncomfortable chair cramp space,restaurant uncomfortable chair cramp space,0
Now this dish was quite flavourful.,dish quite flavourful,dish quite flavourful,1
The restaurant had quick service and efficient staff.,restaurant quick service efficient staff,restaurant quick service efficient staff,1
"like the other reviewer said ""you couldn't pay me to eat at this place again.""",like reviewer say could not pay eat place,like reviewer say could not pay eat place,0
The staff was unhelpful and didn't provide good service.,staff unhelpful not provide good service,staff unhelpful not provide good service,0
The staff was disorganized and made mistakes with our orders.,staff disorganize make mistake order,staff disorganize make mistake order,0
Service was fine and the waitress was friendly.,service fine waitress friendly,service fine waitress friendly,1
Kids pizza is always a hit too with lots of great side dish options for the kiddos!,kid pizza always hit lot great side dish option kiddos,kid pizza always hit lot great side dish option kiddos,1
The steak and the shrimp are in my opinion the best entrees at GC.,steak shrimp opinion best entree gc,steak shrimp opinion best entree gc,1
"I ate there twice on my last visit, and especially enjoyed the salmon salad.",eat twice last visit especially enjoy salmon salad,eat twice last visit especially enjoy salmon salad,1
The food had a perfect balance of flavors and aromas.,food perfect balance flavor aroma,food perfect balance flavor aroma,1
The Macarons here are insanely good.,macarons insanely good,macarons insanely good,1
The food was overcooked and dry.,food overcook dry,food overcook dry,0
It'll be a regular stop on my trips to Phoenix!,itll regular stop trip phoenix,itll regular stop trip phoenix,1
The portions were generous and left us pleasantly full.,portion generous leave pleasantly full,portion generous leave pleasantly full,1
The waiter wasn't helpful or friendly and rarely checked on us.,waiter not helpful friendly rarely check,waiter not helpful friendly rarely check,0
"They have a good selection of food including a massive meatloaf sandwich, a crispy chicken wrap, a delish tuna melt and some tasty burgers.",good selection food include massive meatloaf sandwich crispy chicken wrap delish tuna melt tasty burger,good selection food include massive meatloaf sandwich crispy chicken wrap delish tuna melt tasty burger,1
These were so good we ordered them twice.,good order twice,good order twice,1
The restaurant had a cozy and welcoming environment.,restaurant cozy welcoming environment,restaurant cozy welcoming environment,1
The dishes were cold and unappetizing.,dish cold unappetizing,dish cold unappetizing,0
"Very good food, great atmosphere.1",good food great atmosphere,good food great atmosphere,1
The waiters were unfriendly and lacked basic courtesy.,waiter unfriendly lack basic courtesy,waiter unfriendly lack basic courtesy,0
My fiancé and I came in the middle of the day and we were greeted and seated right away.,fianc come middle day greet seat right away,fianc come middle day greet seat right away,1
I will not be eating there again.,not eat,not eat,0
The food took forever to arrive at our table.,food take forever arrive table,food take forever arrive table,0
Def coming back to bowl next time,def come back bowl next time,def come back bowl next time,1
We ordered the duck rare and it was pink and tender on the inside with a nice char on the outside.,order duck rare pink tender inside nice char outside,order duck rare pink tender inside nice char outside,1
"Give it a try, you will be happy you did.",give try happy,give try happy,1
High-quality chicken on the chicken Caesar salad.,highquality chicken chicken caesar salad,highquality chicken chicken caesar salad,1
Seriously killer hot chai latte.,seriously killer hot chai latte,seriously killer hot chai latte,1
CONCLUSION: Very filling meals.,conclusion filling meal,conclusion filling meal,1
The food was a true culinary delight with its exquisite taste.,food true culinary delight exquisite taste,food true culinary delight exquisite taste,1
Service was fantastic.,service fantastic,service fantastic,1
This is a disgrace.,disgrace,disgrace,0
5 stars for the brick oven bread app!,star brick oven bread app,star brick oven bread app,1
The portions were overpriced and not worth the value.,portion overprice not worth value,portion overprice not worth value,0
"At first glance it is a lovely bakery cafe - nice ambiance, clean, friendly staff.",first glance lovely bakery cafe nice ambiance clean friendly staff,first glance lovely bakery cafe nice ambiance clean friendly staff,1
"A couple of months later, I returned and had an amazing meal.",couple month later return amazing meal,couple month later return amazing meal,1
I don't know what kind it is but they have the best iced tea.,not know kind best iced tea,not know kind best iced tea,1
The staff was unresponsive and unattentive.,staff unresponsive unattentive,staff unresponsive unattentive,0
Both great!,great,great,1
I miss it and wish they had one in Philadelphia!,miss wish one philadelphia,miss wish one philadelphia,1
